date,actual_adjusted_close,forecast,last_close_baseline
2022-01-03,99.88150787353516,98.19881658838312,98.94767761230469
2022-01-04,102.29792022705078,98.69401524563574,99.88150787353516
2022-01-05,101.26781463623047,99.6058666141849,102.29792022705078
2022-01-06,101.60476684570312,100.18295386458287,101.26781463623047
2022-01-07,102.44232940673828,100.74104170245992,101.60476684570312
2022-01-10,101.4892349243164,101.38014137118502,102.44232940673828
2022-01-11,102.66374206542969,101.72726641233594,101.4892349243164
2022-01-12,102.7022705078125,102.24673560287782,102.66374206542969
2022-01-13,103.19324493408203,102.68558879651404,102.7022705078125
2022-01-14,104.050048828125,103.14360742236312,103.19324493408203
2022-01-18,102.71188354492188,103.69006409380631,104.050048828125
2022-01-19,101.37371826171875,103.87059589523227,102.71188354492188
2022-01-20,100.32437133789062,103.73327754000218,101.37371826171875
2022-01-21,98.40856170654297,103.37946284390287,100.32437133789062
2022-01-24,99.08245086669922,102.66613984824376,98.40856170654297
2022-01-25,98.79362487792969,102.16468150079284,99.08245086669922
2022-01-26,97.01261901855469,101.65710623381642,98.79362487792969
2022-01-27,95.13533020019531,100.84746380919456,97.01261901855469
2022-01-28,95.97288513183594,99.76056983672935,95.13533020019531
2022-01-31,97.35921478271484,98.98361879692989,95.97288513183594
2022-02-01,98.52407836914062,98.58982679724635,97.35921478271484
2022-02-02,99.1209487915039,98.48617911064855,98.52407836914062
2022-02-03,98.48558807373047,98.52096012850825,99.1209487915039
2022-02-04,98.60110473632812,98.4283029707186,98.48558807373047
2022-02-07,99.8911361694336,98.37605085516155,98.60110473632812
2022-02-08,101.13304138183594,98.59485531294862,99.8911361694336
2022-02-09,102.35568237304688,99.03817686133884,101.13304138183594
2022-02-10,101.61441040039062,99.67038187944858,102.35568237304688
2022-02-11,101.25819396972656,100.06908650893317,101.61441040039062
2022-02-14,100.20882415771484,100.3404467395562,101.25819396972656
2022-02-15,101.95133972167969,100.36091646020094,100.20882415771484
2022-02-16,102.9814453125,100.72413763351594,101.95133972167969
2022-02-17,101.65288543701172,101.24044157814842,102.9814453125
2022-02-18,100.41100311279297,101.41375167823138,101.65288543701172
2022-02-22,99.02471160888672,101.30620443622924,100.41100311279297
2022-02-23,97.89832305908203,100.92659428611698,99.02471160888672
2022-02-24,100.59392547607422,100.36511680451943,97.89832305908203
2022-02-25,103.6168212890625,100.41596871399467,100.59392547607422
2022-02-28,107.72761535644531,101.06425578499308,103.6168212890625
2022-03-01,106.58198547363281,102.44678073109756,107.72761535644531
2022-03-02,107.38105010986328,103.40509263870698,106.58198547363281
2022-03-03,105.75406646728516,104.38125958498668,107.38105010986328
2022-03-04,105.2534408569336,104.88183608965696,105.75406646728516
2022-03-07,103.1162109375,105.19383928850066,105.2534408569336
2022-03-08,101.13304138183594,105.01296584483366,103.1162109375
2022-03-09,103.51093292236328,104.43671364503125,101.13304138183594
2022-03-10,103.41466522216797,104.39646836341457,103.51093292236328
2022-03-11,101.8935775756836,104.32587065477509,103.41466522216797
2022-03-14,101.4218521118164,103.9439838439469,101.8935775756836
2022-03-15,103.14510345458984,103.50506076764945,101.4218521118164
2022-03-16,102.91407012939453,103.45992596863363,103.14510345458984
2022-03-17,104.51216125488281,103.36521022400669,102.91407012939453
2022-03-18,105.12828826904297,103.5957413796152,104.51216125488281
2022-03-21,106.47608184814453,103.91092278304723,105.12828826904297
2022-03-22,107.7564926147461,104.44563796389669,106.47608184814453
2022-03-23,107.33291625976562,105.15534486674764,107.7564926147461
2022-03-24,108.51874542236328,105.672205988449,107.33291625976562
2022-03-25,108.8947525024414,106.34279713182326,108.51874542236328
2022-03-28,107.42931365966797,106.98197958176226,108.8947525024414
2022-03-29,107.99813842773438,107.22193245129223,107.42931365966797
2022-03-30,108.2102279663086,107.52345315967312,107.99813842773438
2022-03-31,106.81228637695312,107.80634005094996,108.2102279663086
2022-04-01,107.63177490234375,107.74953807083756,106.81228637695312
2022-04-04,107.33291625976562,107.84429640263163,107.63177490234375
2022-04-05,106.06031799316406,107.8467233264539,107.33291625976562
2022-04-06,105.6553726196289,107.57451196169282,106.06031799316406
2022-04-07,107.17863464355469,107.24033054360137,105.6553726196289
2022-04-08,105.72286987304688,107.24200162913658,107.17863464355469
2022-04-11,106.08922576904297,106.93812380446437,105.72286987304688
2022-04-12,106.68695831298828,106.73702261662667,106.08922576904297
2022-04-13,107.61248016357422,106.67337853690614,106.68695831298828
2022-04-14,107.90172576904297,106.79592945848856,107.61248016357422
2022-04-18,107.67034149169922,106.95250535560125,107.90172576904297
2022-04-19,108.60551452636719,107.03401843267275,107.67034149169922
2022-04-20,108.53804016113281,107.2849254011399,108.60551452636719
2022-04-21,105.32758331298828,107.48100635761853,108.53804016113281
2022-04-22,104.42134857177734,106.99813975487697,105.32758331298828
2022-04-25,103.7754135131836,106.39131613108508,104.42134857177734
2022-04-26,102.3485336303711,105.7325951482896,103.7754135131836
2022-04-27,101.51941680908203,104.87574160477648,102.3485336303711
2022-04-28,102.0689468383789,103.97124825871944,101.51941680908203
2022-04-29,99.16699981689453,103.30676329474552,102.0689468383789
2022-05-02,99.2152328491211,102.16077332986958,99.16699981689453
2022-05-03,100.00579833984375,101.19456628240891,99.2152328491211
2022-05-04,102.63776397705078,100.53781340122981,100.00579833984375
2022-05-05,100.1600341796875,100.5221760337159,102.63776397705078
2022-05-06,99.49479675292969,100.03680497147245,100.1600341796875
2022-05-09,95.07923126220703,99.50904380266857,99.49479675292969
2022-05-10,95.25275421142578,98.19325369129017,95.07923126220703
2022-05-11,94.21155548095703,97.12015169404172,95.25275421142578
2022-05-12,93.59453582763672,96.01796894296376,94.21155548095703
2022-05-13,95.1756362915039,94.97976107974893,93.59453582763672
2022-05-16,95.02139282226562,94.4420912177573,95.1756362915039
2022-05-17,97.26773071289062,93.99151534010316,95.02139282226562
2022-05-18,94.82855987548828,94.09900811061651,97.26773071289062
2022-05-19,93.68128967285156,93.748093033831,94.82855987548828
2022-05-20,92.81361389160156,93.25863890520559,93.68128967285156
2022-05-23,94.58755493164062,92.70535304640214,92.81361389160156
2022-05-24,95.29132080078125,92.62788949006159,94.58755493164062
2022-05-25,96.1011734008789,92.74721339734042,95.29132080078125
2022-05-26,97.66300201416016,93.05590731844774,96.1011734008789
2022-05-27,99.70689392089844,93.6768194396865,97.66300201416016
2022-05-31,98.51142120361328,94.6606396013054,99.70689392089844
2022-06-01,98.3957290649414,95.3028552441037,98.51142120361328
2022-06-02,100.34319305419922,95.86058497082189,98.3957290649414
2022-06-03,100.28534698486328,96.75518612933536,100.34319305419922
2022-06-06,100.6999282836914,97.53411080902798,100.28534698486328
2022-06-07,103.08123016357422,98.30267926158609,100.6999282836914
2022-06-08,101.1626968383789,99.45243613829496,103.08123016357422
2022-06-09,99.02445220947266,100.06357939927835,101.1626968383789
2022-06-10,96.88813018798828,100.1595195941443,99.02445220947266
2022-06-13,93.2631607055664,99.8075792534476,96.88813018798828
2022-06-14,92.42216491699219,98.76931832743293,93.2631607055664
2022-06-15,93.70781707763672,97.69848121027053,92.42216491699219
2022-06-16,90.53717803955078,97.03120268501442,93.70781707763672
2022-06-17,90.8561782836914,95.82229085694357,90.53717803955078
2022-06-21,93.34046936035156,94.84886939011648,90.8561782836914
2022-06-22,92.94416046142578,94.51851704301184,93.34046936035156
2022-06-23,92.20948028564453,94.16892618498345,92.94416046142578
2022-06-24,95.14813995361328,93.73536837899965,92.20948028564453
2022-06-27,95.3318099975586,93.9674402196795,95.14813995361328
2022-06-28,94.70347595214844,94.22216172120298,95.3318099975586
2022-06-29,94.1524887084961,94.33120539107722,94.70347595214844
2022-06-30,95.86345672607422,94.32797335636836,94.1524887084961
2022-07-01,96.90746307373047,94.6804238844243,95.86345672607422
2022-07-05,93.91082000732422,95.20523188115665,96.90746307373047
2022-07-06,95.11914825439453,95.06524413328908,93.91082000732422
2022-07-07,95.93114471435547,95.19210297622314,95.11914825439453
2022-07-08,96.00846862792969,95.46989760547216,95.93114471435547
2022-07-11,95.21581268310547,95.729287683532,96.00846862792969
2022-07-12,95.36079406738281,95.79622738470387,95.21581268310547
2022-07-13,93.91082000732422,95.88362184103248,95.36079406738281
2022-07-14,92.89582061767578,95.66772297961221,93.91082000732422
2022-07-15,93.70781707763672,95.27644199859738,92.89582061767578
2022-07-18,92.55750274658203,95.1012234922175,93.70781707763672
2022-07-19,95.89246368408203,94.71996174577588,92.55750274658203
2022-07-20,97.13945770263672,95.06174544407864,95.89246368408203
2022-07-21,97.40045928955078,95.61015227455509,97.13945770263672
2022-07-22,96.65613555908203,96.13698657040923,97.40045928955078
2022-07-25,97.03311157226562,96.44028929312076,96.65613555908203
2022-07-26,95.60248565673828,96.77294145169184,97.03311157226562
2022-07-27,96.2984619140625,96.76647714908088,95.60248565673828
2022-07-28,98.35745239257812,96.89252898792286,96.2984619140625
2022-07-29,100.339111328125,97.40675098655053,98.35745239257812
2022-08-01,101.09308624267578,98.24002808611236,100.339111328125
2022-08-02,101.17042541503906,99.0999224349742,101.09308624267578
2022-08-03,101.624755859375,99.8432064959216,101.17042541503906
2022-08-04,100.9190902709961,100.55775994218858,101.624755859375
2022-08-05,100.75474548339844,101.01168883282358,100.9190902709961
2022-08-08,100.30044555664062,101.34647145793029,100.75474548339844
2022-08-09,100.45509338378906,101.518786090442,100.30044555664062
2022-08-10,102.35940551757812,101.67216436385931,100.45509338378906
2022-08-11,102.14674377441406,102.16055966271638,102.35940551757812
2022-08-12,104.08973693847656,102.5135239269929,102.14674377441406
2022-08-15,104.92105865478516,103.18095655671668,104.08973693847656
2022-08-16,105.04672241210938,103.89610586230972,104.92105865478516
2022-08-17,104.39905548095703,104.50870280705675,105.04672241210938
2022-08-18,104.62139129638672,104.87510797770231,104.39905548095703
2022-08-19,103.21006774902344,105.20197611173113,104.62139129638672
2022-08-22,100.9674072265625,105.1663127201501,103.21006774902344
2022-08-23,101.18975067138672,104.65083353326352,100.9674072265625
2022-08-24,102.10807037353516,104.21744502744055,101.18975067138672
2022-08-25,104.26371765136719,103.99864042933943,102.10807037353516
2022-08-26,101.40243530273438,104.2168518160254,104.26371765136719
2022-08-29,100.73542785644531,103.80754284985808,101.40243530273438
2022-08-30,99.33377838134766,103.2970486912012,100.73542785644531
2022-08-31,98.31876373291016,102.55458600854848,99.33377838134766
2022-09-01,97.19746398925781,101.69305494974824,98.31876373291016
2022-09-02,96.79145050048828,100.71191138299514,97.19746398925781
2022-09-06,96.69479370117188,99.77591848356312,96.79145050048828
2022-09-07,98.30912017822266,98.94619031446604,96.69479370117188
2022-09-08,98.4541244506836,98.55670238875636,98.30912017822266
2022-09-09,99.6817626953125,98.25648199773735,98.4541244506836
2022-09-12,99.85576629638672,98.25271784371967,99.6817626953125
2022-09-13,95.67980194091797,98.29483547601998,99.85576629638672
2022-09-14,97.18778991699219,97.5032427953874,95.67980194091797
2022-09-15,96.35645294189453,97.13272056161892,97.18778991699219
2022-09-16,95.25447845458984,96.65971266256888,96.35645294189453
2022-09-19,95.92146301269531,96.04544042628673,95.25447845458984
2022-09-20,95.7957992553711,95.66635316079415,95.92146301269531
2022-09-21,94.8484878540039,95.33361195313755,95.7957992553711
2022-09-22,93.80448150634766,94.87722884233337,94.8484878540039
2022-09-23,91.37818145751953,94.29573276387316,93.80448150634766
2022-09-26,89.98248291015625,93.33007531728214,91.37818145751953
2022-09-27,89.5166015625,92.2416613875151,89.98248291015625
2022-09-28,91.28306579589844,91.23767577197412,89.5166015625
2022-09-29,89.20602416992188,90.75885147893851,91.28306579589844
2022-09-30,88.5072021484375,89.96530919248053,89.20602416992188
2022-10-03,91.06951904296875,89.17776526164879,88.5072021484375
2022-10-04,94.08802795410156,89.05235372439128,91.06951904296875
2022-10-05,93.40861511230469,89.59243810777735,94.08802795410156
2022-10-06,92.79716491699219,89.9636837587056,93.40861511230469
2022-10-07,92.408935546875,90.19861400100314,92.79716491699219
2022-10-10,93.21451568603516,90.3573727523134,92.408935546875
2022-10-11,93.18538665771484,90.68739136715395,93.21451568603516
2022-10-12,91.09864807128906,90.9955923313704,93.18538665771484
2022-10-13,92.88451385498047,90.86908333635354,91.09864807128906
2022-10-14,90.33190155029297,91.1418297239519,92.88451385498047
2022-10-17,92.70980834960938,90.88767349716112,90.33190155029297
2022-10-18,96.41741943359375,91.16595706182099,92.70980834960938
2022-10-19,96.89301300048828,92.17098618899004,96.41741943359375
2022-10-20,96.7085952758789,93.15215543921691,96.89301300048828
2022-10-21,98.95063018798828,93.97458488326147,96.7085952758789
2022-10-24,100.0182876586914,95.14145587880489,98.95063018798828
2022-10-25,100.44532775878906,96.3653882686212,100.0182876586914
2022-10-26,100.02798461914062,97.50388326698787,100.44532775878906
2022-10-27,101.71680450439453,98.39327689859438,100.02798461914062
2022-10-28,104.41500091552734,99.48490631510963,101.71680450439453
2022-10-31,104.0558853149414,100.94996345633801,104.41500091552734
2022-11-01,104.18207550048828,102.11863399975782,104.0558853149414
2022-11-02,102.67766571044922,103.12250207928071,104.18207550048828
2022-11-03,103.40560150146484,103.65196136015592,102.67766571044922
2022-11-04,104.0170669555664,104.21611163178518,103.40560150146484
2022-11-07,105.47294616699219,104.78560150917946,104.0170669555664
2022-11-08,106.33674621582031,105.52773389558686,105.47294616699219
2022-11-09,105.60880279541016,106.29900122924529,106.33674621582031
2022-11-10,109.23877716064453,106.77378087037695,105.60880279541016
2022-11-11,105.53116607666016,107.86542453947663,109.23877716064453
2022-11-14,104.25,108.01595502384727,105.53116607666016
2022-11-15,105.95822143554688,107.83769629205372,104.25
2022-11-16,105.21087646484375,107.97694419597188,105.95822143554688
2022-11-17,105.80293273925781,107.90014069550577,105.21087646484375
2022-11-18,106.59882354736328,107.90693499436479,105.80293273925781
2022-11-21,107.13262176513672,108.02929298153906,106.59882354736328
2022-11-22,107.54027557373047,108.20063613565411,107.13262176513672
2022-11-23,107.7537841796875,108.39015248008667,107.54027557373047
2022-11-25,108.34585571289062,108.55754478518143,107.7537841796875
2022-11-28,106.56969451904297,108.78278731320891,108.34585571289062
2022-11-29,106.76380920410156,108.58350261991342,106.56969451904297
2022-11-30,108.6273193359375,108.41420873001009,106.76380920410156
2022-12-01,108.71467590332031,108.60877096533679,108.6273193359375
2022-12-02,110.75289154052734,108.76351103577143,108.71467590332031
2022-12-05,109.61731719970703,109.27640580960927,110.75289154052734
2022-12-06,107.59850311279297,109.46222097734433,109.61731719970703
2022-12-07,107.21997833251953,109.18745002792804,107.59850311279297
2022-12-08,107.77320098876953,108.84534581112273,107.21997833251953
2022-12-09,106.97732543945312,108.63499086241985,107.77320098876953
2022-12-12,108.40409851074219,108.27066689002481,106.97732543945312
2022-12-13,108.31653594970703,108.22226664192621,108.40409851074219
2022-12-14,108.59862518310547,108.14580087934108,108.31653594970703
2022-12-15,106.51709747314453,108.12068650167788,108.59862518310547
2022-12-16,106.9742660522461,107.66714227652129,106.51709747314453
2022-12-19,106.34202575683594,107.35469611575897,106.9742660522461
2022-12-20,107.21742248535156,106.94865291176181,106.34202575683594
2022-12-21,109.00714111328125,106.76686018813547,107.21742248535156
2022-12-22,107.071533203125,106.96514864110907,109.00714111328125
2022-12-23,107.83021545410156,106.7455936374686,107.071533203125
2022-12-27,108.1609115600586,106.70576119945999,107.83021545410156
2022-12-28,107.36331939697266,106.73698033076815,108.1609115600586
2022-12-29,108.47217559814453,106.60390951574709,107.36331939697266
2022-12-30,108.8028793334961,106.71222727176043,108.47217559814453
2023-01-03,108.42355346679688,106.8739091222551,108.8028793334961
2023-01-04,109.04605102539062,106.93920119019852,108.42355346679688
2023-01-05,108.90013885498047,107.12210192143795,109.04605102539062
2023-01-06,110.58287811279297,107.25237088501007,108.90013885498047
2023-01-09,108.47217559814453,107.70401578749818,110.58287811279297
2023-01-10,109.09468078613281,107.67119408673545,108.47217559814453
2023-01-11,109.74636840820312,107.76718864940364,109.09468078613281
2023-01-12,110.61204528808594,107.9809580592417,109.74636840820312
2023-01-13,109.27948760986328,108.33943133282602,110.61204528808594
2023-01-17,108.73479461669922,108.38089715817982,109.27948760986328
2023-01-18,106.85752868652344,108.305643096095,108.73479461669922
2023-01-19,105.46661376953125,107.86223171342776,106.85752868652344
2023-01-20,106.3614730834961,107.19928846020741,105.46661376953125
2023-01-23,107.50923156738281,106.80817612859812,106.3614730834961
2023-01-24,109.14330291748047,106.70604601993593,107.50923156738281
2023-01-25,109.60047912597656,106.95313431934449,109.14330291748047
2023-01-26,110.53424835205078,107.26604346949294,109.60047912597656
2023-01-27,110.60232543945312,107.73041934980232,110.53424835205078
2023-01-30,110.0965347290039,108.15035860553871,110.60232543945312
2023-01-31,111.53609466552734,108.41464646564067,110.0965347290039
2023-02-01,111.63334655761719,108.93324400483485,111.53609466552734
2023-02-02,111.0108413696289,109.4008296346436,111.63334655761719
2023-02-03,110.40779113769531,109.67776523705164,111.0108413696289
2023-02-06,111.15673828125,109.79197942016621,110.40779113769531
2023-02-07,112.1391372680664,110.03623404445965,111.15673828125
2023-02-08,111.66252136230469,110.43953858362113,112.1391372680664
2023-02-09,111.02056884765625,110.68654897025549,111.66252136230469
2023-02-10,112.42120361328125,110.76388809712287,111.02056884765625
2023-02-13,113.16043090820312,111.10418890318272,112.42120361328125
2023-02-14,113.99693298339844,111.53894443054065,113.16043090820312
2023-02-15,114.36656188964844,112.07356757829614,113.99693298339844
2023-02-16,113.15071868896484,112.59915436091417,114.36656188964844
2023-02-17,113.62733459472656,112.79664866989843,113.15071868896484
2023-02-21,112.51847839355469,113.04906238865148,113.62733459472656
2023-02-22,112.82975006103516,113.03028704720893,112.51847839355469
2023-02-23,112.97563934326172,113.06205083647636,112.82975006103516
2023-02-24,112.35313415527344,113.1050934928602,112.97563934326172
2023-02-27,112.34341430664062,113.00421533126499,112.35313415527344
2023-02-28,111.57500457763672,112.90258862372495,112.34341430664062
2023-03-01,112.59629821777344,112.64918123945945,111.57500457763672
2023-03-02,113.88023376464844,112.62510681781414,112.59629821777344
2023-03-03,114.52217102050781,112.85370945974483,113.88023376464844
2023-03-06,114.29847717285156,113.1722630654272,114.52217102050781
2023-03-07,113.38416290283203,113.39424925976154,114.29847717285156
2023-03-08,112.93672943115234,113.39350076194809,113.38416290283203
2023-03-09,111.00110626220703,113.29345173004023,112.93672943115234
2023-03-10,109.94090270996094,112.809630556974,111.00110626220703
2023-03-13,109.46428680419922,112.17127133501464,109.94090270996094
2023-03-14,110.70930480957031,111.51939377340614,109.46428680419922
2023-03-15,108.23873901367188,111.20500240774518,110.70930480957031
2023-03-16,109.83390808105469,110.43952167266646,108.23873901367188
2023-03-17,107.44113159179688,110.10249185686753,109.83390808105469
2023-03-20,109.0752182006836,109.33860300735992,107.44113159179688
2023-03-21,110.07707977294922,109.01611975461176,109.0752182006836
2023-03-22,107.87885284423828,108.95134202834362,110.07707977294922
2023-03-23,107.78132629394531,108.4678253494728,107.87885284423828
2023-03-24,108.49317932128906,108.04469488977709,107.78132629394531
2023-03-27,109.50731658935547,107.83810950513495,108.49317932128906
2023-03-28,110.04363250732422,107.88063860483835,109.50731658935547
2023-03-29,111.23330688476562,108.04282811120524,110.04363250732422
2023-03-30,111.53558349609375,108.4389876267453,111.23330688476562
2023-03-31,112.21818542480469,108.85774525192797,111.53558349609375
2023-04-03,113.97342681884766,109.3700106952366,112.21818542480469
2023-04-04,112.70574951171875,110.17591517575669,113.97342681884766
2023-04-05,111.7598648071289,110.62574892845622,112.70574951171875
2023-04-06,111.5746078491211,110.82875188815717,111.7598648071289
2023-04-10,112.66674041748047,110.96886816734845,111.5746078491211
2023-04-11,112.77399444580078,111.3103177929064,112.66674041748047
2023-04-12,113.43710327148438,111.62694380154069,112.77399444580078
2023-04-13,113.98316955566406,112.03204058866278,113.43710327148438
2023-04-14,112.0816650390625,112.48874016644818,113.98316955566406
2023-04-17,113.24207305908203,112.4968259849723,112.0816650390625
2023-04-18,114.49024963378906,112.73014976121074,113.24207305908203
2023-04-19,114.05142974853516,113.17583645584719,114.49024963378906
2023-04-20,113.50536346435547,113.46537334146349,114.05142974853516
2023-04-21,112.69598388671875,113.59675851806348,113.50536346435547
2023-04-24,112.74475860595703,113.5375902984963,112.69598388671875
2023-04-25,111.4283218383789,113.48588437432493,112.74475860595703
2023-04-26,109.11725616455078,113.16736448420424,111.4283218383789
2023-04-27,110.72623443603516,112.4193700730811,109.11725616455078
2023-04-28,111.12602996826172,112.08948760908099,110.72623443603516
2023-05-01,111.40882110595703,111.88160808122389,111.12602996826172
2023-05-02,110.85299682617188,111.75733763121671,111.40882110595703
2023-05-03,109.54631042480469,111.53796859947354,110.85299682617188
2023-05-04,107.96661376953125,111.08644186051453,109.54631042480469
2023-05-05,108.9807357788086,110.38081174223645,107.96661376953125
2023-05-08,108.37615966796875,109.97844768898034,108.9807357788086
2023-05-09,109.63407135009766,109.5165974701957,108.37615966796875
2023-05-10,108.72720336914062,109.37890498614621,109.63407135009766
2023-05-11,108.36640167236328,109.08829093151903,108.72720336914062
2023-05-12,108.13237762451172,108.77570666266097,108.36640167236328
2023-05-15,109.42931365966797,108.47055664487809,108.13237762451172
2023-05-16,108.36640167236328,108.48025376560516,109.42931365966797
2023-05-17,110.22891998291016,108.28904345871244,108.36640167236328
2023-05-18,110.51168823242188,108.51113979571161,110.22891998291016
2023-05-19,109.7706069946289,108.77338111913697,110.51168823242188
2023-05-22,110.2484130859375,108.86314848181715,109.7706069946289
2023-05-23,108.16163635253906,109.04709543337734,110.2484130859375
2023-05-24,107.06948852539062,108.79652907241068,108.16163635253906
2023-05-25,106.28936767578125,108.36908130781308,107.06948852539062
2023-05-26,106.94271850585938,107.85241937326074,106.28936767578125
2023-05-30,106.73794555664062,107.54800580004937,106.94271850585938
2023-05-31,105.95783233642578,107.2566871683741,106.73794555664062
2023-06-01,107.4205322265625,106.86208076004553,105.95783233642578
2023-06-02,109.87786102294922,106.8292527588055,107.4205322265625
2023-06-05,109.03925323486328,107.30967860892227,109.87786102294922
2023-06-06,110.0241470336914,107.57111593353281,109.03925323486328
2023-06-07,111.90717315673828,108.00650008021223,110.0241470336914
2023-06-08,112.81595611572266,108.77065134439643,111.90717315673828
2023-06-09,112.46415710449219,109.62049429560729,112.81595611572266
2023-06-12,113.20682525634766,110.28731899708949,112.46415710449219
2023-06-13,113.11888122558594,111.01140261880798,113.20682525634766
2023-06-14,111.88763427734375,111.6149240175947,113.11888122558594
2023-06-15,113.0993423461914,111.88128157237935,111.88763427734375
2023-06-16,113.23613739013672,112.34416433905952,113.0993423461914
2023-06-20,112.61074829101562,112.760067753719,113.23613739013672
2023-06-21,113.64656829833984,112.98032692944744,112.61074829101562
2023-06-22,111.89741516113281,113.36356378825224,113.64656829833984
2023-06-23,111.05702209472656,113.32783622789792,111.89741516113281
2023-06-26,110.88114166259766,113.11134006115553,111.05702209472656
2023-06-27,112.25894165039062,112.87288896555535,110.88114166259766
2023-06-28,112.13191223144531,112.92897872273295,112.25894165039062
2023-06-29,113.70519256591797,112.93884672648493,112.13191223144531
2023-06-30,114.00811004638672,113.25039339541566,113.70519256591797
2023-07-03,114.25241088867188,113.56772134626834,114.00811004638672
2023-07-05,114.0667495727539,113.87745950873558,114.25241088867188
2023-07-06,113.44133758544922,114.09321021111047,114.0667495727539
2023-07-07,113.39248657226562,114.13862040402134,113.44133758544922
2023-07-10,114.08628845214844,114.15227877219782,113.39248657226562
2023-07-11,115.47390747070312,114.28815159286195,114.08628845214844
2023-07-12,114.74099731445312,114.66938970999111,115.47390747070312
2023-07-13,114.87781524658203,114.83683425264665,114.74099731445312
2023-07-14,113.54883575439453,114.99311473179604,114.87781524658203
2023-07-17,114.13513946533203,114.84527660136713,113.54883575439453
2023-07-18,113.62701416015625,114.81932834629444,114.13513946533203
2023-07-19,112.97229766845703,114.68031297683117,113.62701416015625
2023-07-20,114.34037017822266,114.41511084567088,112.97229766845703
2023-07-21,113.72472381591797,114.44836445258113,114.34037017822266
2023-07-24,114.30126953125,114.34300545681995,113.72472381591797
2023-07-25,111.9560317993164,114.35776574932235,114.30126953125
2023-07-26,113.63679504394531,113.89063172349714,111.9560317993164
2023-07-27,113.19705963134766,113.8162068312678,113.63679504394531
2023-07-28,114.2621841430664,113.65792518036083,113.19705963134766
2023-07-31,115.03416442871094,113.73014743994065,114.2621841430664
2023-08-01,115.03416442871094,113.94364778767115,115.03416442871094
2023-08-02,112.66938018798828,114.12417607591054,115.03416442871094
2023-08-03,112.42506408691406,113.80090005784609,112.66938018798828
2023-08-04,113.01139831542969,113.46785089735039,112.42506408691406
2023-08-07,114.65306091308594,113.29494643733979,113.01139831542969
2023-08-08,114.15469360351562,113.47413026577914,114.65306091308594
2023-08-09,114.8094253540039,113.52876810916365,114.15469360351562
2023-08-10,114.24264526367188,113.70676427733348,114.8094253540039
2023-08-11,114.55534362792969,113.7460978177835,114.24264526367188
2023-08-14,114.22309875488281,113.84157501777644,114.55534362792969
2023-08-15,112.62052154541016,113.85618660772963,114.22309875488281
2023-08-16,112.18079376220703,113.54564898355406,112.62052154541016
2023-08-17,111.19381713867188,113.18798221101623,112.18079376220703
2023-08-18,112.02442169189453,112.6814735455648,111.19381713867188
2023-08-21,112.08305358886719,112.41316205501946,112.02442169189453
2023-08-22,112.53257751464844,112.19805873255099,112.08305358886719
2023-08-23,112.9039077758789,112.1085510686141,112.53257751464844
2023-08-24,110.85179901123047,112.11273967592778,112.9039077758789
2023-08-25,111.45767211914062,111.71164179728092,110.85179901123047
2023-08-28,112.7964096069336,111.49410751270601,111.45767211914062
2023-08-29,113.07001495361328,111.58399992310332,112.7964096069336
2023-08-30,114.0569839477539,111.7263068546425,113.07001495361328
2023-08-31,113.51953125,112.05649600762715,114.0569839477539
2023-09-01,113.78337097167969,112.2419192760548,113.51953125
2023-09-05,112.21009063720703,112.46140833352861,113.78337097167969
2023-09-06,110.78340148925781,112.34035425721028,112.21009063720703
2023-09-07,110.73454284667969,111.95367526823253,110.78340148925781
2023-09-08,109.57168579101562,111.61450515401543,110.73454284667969
2023-09-11,107.98865509033203,111.09458108073596,109.57168579101562
2023-09-12,107.4218978881836,110.335412114891,107.98865509033203
2023-09-13,106.9919204711914,109.57590100847834,107.4218978881836
2023-09-14,107.5977783203125,108.84693218227267,106.9919204711914
2023-09-15,107.31440734863281,108.35529231941398,107.5977783203125
2023-09-18,107.52938079833984,107.8928515409672,107.31440734863281
2023-09-19,106.91375732421875,107.55725971477008,107.52938079833984
2023-09-20,106.50334167480469,107.1658550763677,106.91375732421875
2023-09-21,104.67599487304688,106.76814043012433,106.50334167480469
2023-09-22,103.70858764648438,106.08147900660421,104.67599487304688
2023-09-25,104.13855743408203,105.31884168175172,103.70858764648438
2023-09-26,103.2131576538086,104.77329593529268,104.13855743408203
2023-09-27,104.1826171875,104.14570440893309,103.2131576538086
2023-09-28,103.66361999511719,103.82900139265257,104.1826171875
2023-09-29,103.77134704589844,103.48352082366657,103.66361999511719
2023-10-02,102.60602569580078,103.23904472442423,103.77134704589844
2023-10-03,101.85200500488281,102.82644227595688,102.60602569580078
2023-10-04,101.41133880615234,102.35089146976532,101.85200500488281
2023-10-05,101.0196304321289,101.88435391410435,101.41133880615234
2023-10-06,101.93033599853516,101.43625310058367,101.0196304321289
2023-10-09,106.46427917480469,101.26601390672984,101.93033599853516
2023-10-10,107.22809600830078,102.0636061022585,106.46427917480469
2023-10-11,107.87440490722656,102.9392240396832,107.22809600830078
2023-10-12,106.55241394042969,103.85322060837663,107.87440490722656
2023-10-13,106.40553283691406,104.39958794587173,106.55241394042969
2023-10-16,107.06163024902344,104.85876881053198,106.40553283691406
2023-10-17,107.38478088378906,105.40023583093233,107.06163024902344
2023-10-18,107.04203033447266,105.9427913605205,107.38478088378906
2023-10-19,106.00402069091797,106.34895950315752,107.04203033447266
2023-10-20,104.6624526977539,106.49450632065562,106.00402069091797
2023-10-23,104.59391784667969,106.35150691674454,104.6624526977539
2023-10-24,105.690673828125,106.21373544528693,104.59391784667969
2023-10-25,105.49482727050781,106.31464611959291,105.690673828125
2023-10-26,105.80819702148438,106.36232894564806,105.49482727050781
2023-10-27,105.02478790283203,106.46521200734509,105.80819702148438
2023-10-30,105.48503112792969,106.39499857896156,105.02478790283203
2023-10-31,107.58062744140625,106.42404170452278,105.48503112792969
2023-11-01,108.27588653564453,106.86721728679409,107.58062744140625
2023-11-02,110.48899841308594,107.38637716458415,108.27588653564453
2023-11-03,111.06675720214844,108.27351186402004,110.48899841308594
2023-11-06,110.77299499511719,109.14737318602565,111.06675720214844
2023-11-07,110.57713317871094,109.83067617563036,110.77299499511719
2023-11-08,110.42046356201172,110.3649334578345,110.57713317871094
2023-11-09,110.43023681640625,110.77548554155427,110.42046356201172
2023-11-10,111.59557342529297,111.11056681458145,110.43023681640625
2023-11-13,112.89795684814453,111.61098739883033,111.59557342529297
2023-11-14,113.7695083618164,112.28082865400353,112.89795684814453
2023-11-15,113.75969696044922,113.00872308214542,113.7695083618164
2023-11-16,113.27008819580078,113.60738503403338,113.75969696044922
2023-11-17,113.34841918945312,113.99550483598898,113.27008819580078
2023-11-20,114.59207153320312,114.31406681626218,113.34841918945312
2023-11-21,114.72917175292969,114.805823550443,114.59207153320312
2023-11-22,115.51256561279297,115.22453224432196,114.72917175292969
2023-11-24,116.03157043457031,115.70877326435618,115.51256561279297
2023-11-27,115.4146499633789,116.1960080456956,116.03157043457031
2023-11-28,115.47340393066406,116.45676331098798,115.4146499633789
2023-11-29,115.35588836669922,116.65669783231816,115.47340393066406
2023-11-30,117.3731460571289,116.76904109772099,115.35588836669922
2023-12-01,118.76370239257812,117.23498531733001,117.3731460571289
2023-12-04,119.70376586914062,117.8814046481634,118.76370239257812
2023-12-05,118.66576385498047,118.5926153360835,119.70376586914062
2023-12-06,119.05745697021484,118.96126194850551,118.66576385498047
2023-12-07,118.83223724365234,119.31935660231245,119.05745697021484
2023-12-08,119.7429428100586,119.54457537209103,118.83223724365234
2023-12-11,120.90824890136719,119.88326882280947,119.7429428100586
2023-12-12,121.21180725097656,120.37175600377778,120.90824890136719
2023-12-13,122.98426055908203,120.8169638881173,121.21180725097656
2023-12-14,122.25961303710938,121.51922466472732,122.98426055908203
2023-12-15,122.31837463378906,121.94189764248323,122.25961303710938
2023-12-18,122.54360961914062,122.2789905135938,122.31837463378906
2023-12-19,123.83621978759766,122.57570742611657,122.54360961914062
2023-12-20,121.85428619384766,123.05222540785599,123.83621978759766
2023-12-21,123.0235824584961,123.02730406831431,121.85428619384766
2023-12-22,123.73106384277344,123.20186652286762,123.0235824584961
2023-12-26,124.39925384521484,123.4581895791575,123.73106384277344
2023-12-27,124.47786712646484,123.77845844300406,124.39925384521484
2023-12-28,124.40908813476562,124.03635573615581,124.47786712646484
2023-12-29,124.39925384521484,124.21126307895456,124.40908813476562
2024-01-02,123.2594223022461,124.32709630628304,124.39925384521484
2024-01-03,121.57913208007812,124.16632267127872,123.2594223022461
2024-01-04,121.5693130493164,123.65956444357138,121.57913208007812
2024-01-05,121.68722534179688,123.19216926723016,121.5693130493164
2024-01-08,120.3017349243164,122.78853229885328,121.68722534179688
2024-01-09,119.35842895507812,122.14206430143501,120.3017349243164
2024-01-10,120.13468933105469,121.37815139089471,119.35842895507812
2024-01-11,119.35842895507812,120.86242996320351,120.13468933105469
2024-01-12,120.21329498291016,120.25428854942174,119.35842895507812
2024-01-16,117.22615051269531,119.89727314283171,120.21329498291016
2024-01-17,117.24578857421875,118.98971042147895,117.22615051269531
2024-01-18,119.10295104980469,118.21268275067608,117.24578857421875
2024-01-19,119.59425354003906,117.92233493617258,119.10295104980469
2024-01-22,120.04625701904297,117.78207786557358,119.59425354003906
2024-01-23,120.3017349243164,117.76521972376581,120.04625701904297
2024-01-24,120.63582611083984,117.81636933108291,120.3017349243164
2024-01-25,119.55494689941406,117.94236471531309,120.63582611083984
2024-01-26,119.91851806640625,117.84866388011514,119.55494689941406
2024-01-29,120.13468933105469,117.85468266396502,119.91851806640625
2024-01-30,119.9676513671875,117.91765135959268,120.13468933105469
2024-01-31,120.51791381835938,117.95293282440059,119.9676513671875
2024-02-01,121.5496597290039,118.10792633077439,120.51791381835938
2024-02-02,121.48087310791016,118.46279352383335,121.5496597290039
2024-02-05,121.03870391845703,118.76845075372445,121.48087310791016
2024-02-06,121.9525375366211,118.95493455671517,121.03870391845703
2024-02-07,122.85653686523438,119.30932799980867,121.9525375366211
2024-02-08,122.28662872314453,119.80578220687885,122.85653686523438
2024-02-09,122.49297332763672,120.12734454079053,122.28662872314453
2024-02-12,122.71897888183594,120.4513358579906,122.49297332763672
2024-02-13,121.94270324707031,120.7799861297585,122.71897888183594
2024-02-14,123.1415023803711,120.91001604523929,121.94270324707031
2024-02-15,124.0455093383789,121.26368320536943,123.1415023803711
2024-02-16,123.45594787597656,121.75098264516335,124.0455093383789
2024-02-20,123.24958038330078,122.05222817628999,123.45594787597656
2024-02-21,123.33802032470703,122.26766983784348,123.24958038330078
2024-02-22,123.79002380371094,122.46715639750494,123.33802032470703
2024-02-23,124.22237396240234,122.72515810833133,123.79002380371094
2024-02-26,124.03567504882812,123.02925015850938,124.22237396240234
2024-02-27,124.1830825805664,123.2479959684977,124.03567504882812
2024-02-28,125.90265655517578,123.45920274526377,124.1830825805664
2024-02-29,125.65699005126953,123.97895850023768,125.90265655517578
2024-03-01,125.66683197021484,124.37001279620043,125.65699005126953
2024-03-04,126.63961791992188,124.69934353636788,125.66683197021484
2024-03-05,126.51187896728516,125.16745737647236,126.63961791992188
2024-03-06,127.27831268310547,125.53348748806101,126.51187896728516
2024-03-07,127.61238098144531,125.98934325536854,127.27831268310547
2024-03-08,126.93439483642578,126.43491250320719,127.61238098144531
2024-03-11,125.70613098144531,126.66708287702019,126.93439483642578
2024-03-12,124.74315643310547,126.60321333438515,125.70613098144531
2024-03-13,124.74315643310547,126.3368039515157,124.74315643310547
2024-03-14,124.56629180908203,126.0900236980947,124.74315643310547
2024-03-15,124.99864959716797,125.8268771989003,124.56629180908203
2024-03-18,124.87089538574219,125.67383576089895,124.99864959716797
2024-03-19,126.01075744628906,125.5053355486606,124.87089538574219
2024-03-20,127.42568969726562,125.57945250079754,126.01075744628906
2024-03-21,127.5989990234375,125.91963476414776,127.42568969726562
2024-03-22,128.10116577148438,126.2406075818866,127.5989990234375
2024-03-25,128.21929931640625,126.60997227365102,128.10116577148438
2024-03-26,127.98299407958984,126.94319625565295,128.21929931640625
2024-03-27,129.8242645263672,127.17294817044755,127.98299407958984
2024-03-28,129.90304565429688,127.72956742769163,129.8242645263672
2024-04-01,128.8790283203125,128.21423118385866,129.90304565429688
2024-04-02,128.2291717529297,128.41341720705802,128.8790283203125
2024-04-03,127.66793060302734,128.43956434356963,128.2291717529297
2024-04-04,128.17007446289062,128.3341958839024,127.66793060302734
2024-04-05,129.33193969726562,128.3295118693728,128.17007446289062
2024-04-08,129.05625915527344,128.54566627185582,129.33193969726562
2024-04-09,127.68760681152344,128.6646850878302,129.05625915527344
2024-04-10,127.23467254638672,128.48013138552597,127.68760681152344
2024-04-11,127.17559814453125,128.2175454370763,127.23467254638672
2024-04-12,125.75772857666016,127.96834754349298,127.17559814453125
2024-04-15,125.09803771972656,127.45991844119389,125.75772857666016
2024-04-16,125.69866180419922,126.88171675982073,125.09803771972656
2024-04-17,125.55094909667969,126.49922734782956,125.69866180419922
2024-04-18,125.50172424316406,126.13865350549986,125.55094909667969
2024-04-19,126.03343200683594,125.81901730160668,125.50172424316406
2024-04-22,126.52574920654297,125.6533253416057,126.03343200683594
2024-04-23,127.38237762451172,125.614423884189,126.52574920654297
2024-04-24,126.53558349609375,125.75900323879546,127.38237762451172
2024-04-25,127.02791595458984,125.7202214104905,126.53558349609375
2024-04-26,127.5399169921875,125.79140996906516,127.02791595458984
2024-04-29,129.11534118652344,125.96168188813674,127.5399169921875
2024-04-30,127.85501098632812,126.43080100815064,129.11534118652344
2024-05-01,128.1110076904297,126.58793299586335,127.85501098632812
2024-05-02,130.0310516357422,126.77793106273636,128.1110076904297
2024-05-03,130.53321838378906,127.3297646043421,130.0310516357422
2024-05-06,131.55722045898438,127.90860540513603,130.53321838378906
2024-05-07,131.38987731933594,128.61302686397406,131.55722045898438
2024-05-08,132.0298614501953,129.1841992100114,131.38987731933594
2024-05-09,133.28033447265625,129.79940800880308,132.0298614501953
2024-05-10,133.0243682861328,130.57297284528892,133.28033447265625
2024-05-13,132.24647521972656,131.1784566805763,133.0243682861328
2024-05-14,132.59112548828125,131.5309296126443,132.24647521972656
2024-05-15,132.2957000732422,131.8880821133295,132.59112548828125
2024-05-16,132.86680603027344,132.11994220417986,132.2957000732422
2024-05-17,133.41819763183594,132.41669055790229,132.86680603027344
2024-05-20,134.28468322753906,132.76529808297354,133.41819763183594
2024-05-21,134.3929901123047,133.2214933052538,134.28468322753906
2024-05-22,134.550537109375,133.61762129114663,134.3929901123047
2024-05-23,132.09878540039062,133.97058995211097,134.550537109375
2024-05-24,133.46742248535156,133.76147894121766,132.09878540039062
2024-05-28,132.21693420410156,133.83344537019426,133.46742248535156
2024-05-29,130.6021270751953,133.62439044864064,132.21693420410156
2024-05-30,131.7344512939453,133.10032714156895,130.6021270751953
2024-05-31,133.9302215576172,132.85772328409863,131.7344512939453
2024-06-03,134.47177124023438,133.07512739145264,133.9302215576172
2024-06-04,134.66868591308594,133.35958477136305,134.47177124023438
2024-06-05,135.2791748046875,133.63251662302156,134.66868591308594
2024-06-06,134.73760986328125,133.9780427611137,135.2791748046875
2024-06-07,134.37327575683594,134.15443657187095,134.73760986328125
2024-06-10,134.07789611816406,134.2197135584599,134.37327575683594
2024-06-11,132.9125213623047,134.2028958022359,134.07789611816406
2024-06-12,133.07040405273438,133.9410889092097,132.9125213623047
2024-06-13,131.9257049560547,133.73428914947704,133.07040405273438
2024-06-14,130.5441436767578,133.31569837699865,131.9257049560547
2024-06-17,131.6592559814453,132.66825211897728,130.5441436767578
2024-06-18,131.97503662109375,132.32712747838121,131.6592559814453
2024-06-20,132.310546875,132.0936848050742,131.97503662109375
2024-06-21,132.60658264160156,131.95929393402602,132.310546875
2024-06-24,131.51124572753906,131.90400709268974,132.60658264160156
2024-06-25,130.5441436767578,131.63864428531392,131.51124572753906
2024-06-26,130.79086303710938,131.21822226931098,130.5441436767578
2024-06-27,131.01783752441406,130.90912141410968,130.79086303710938
2024-06-28,130.3073272705078,130.69425722146252,131.01783752441406
2024-07-01,129.84353637695312,130.37408782756464,130.3073272705078
2024-07-02,130.78099060058594,130.013621493725,129.84353637695312
2024-07-03,131.39280700683594,129.90112699037385,130.78099060058594
2024-07-05,130.65269470214844,129.9388819396574,131.39280700683594
2024-07-08,131.47177124023438,129.8353777229579,130.65269470214844
2024-07-09,131.05728149414062,129.92245333734482,131.47177124023438
2024-07-10,131.7974090576172,129.92688558220306,131.05728149414062
2024-07-11,131.86647033691406,130.0909510268534,131.7974090576172
2024-07-12,131.3533172607422,130.25776904813603,131.86647033691406
2024-07-15,132.11317443847656,130.3091086476623,131.3533172607422
2024-07-16,135.5275421142578,130.51528304288686,132.11317443847656
2024-07-17,133.8499298095703,131.38763796468638,135.5275421142578
2024-07-18,132.97169494628906,131.8117507653812,133.8499298095703
2024-07-19,132.13290405273438,132.00507013662394,132.97169494628906
2024-07-22,133.889404296875,132.00489661714283,132.13290405273438
2024-07-23,137.5406036376953,132.35779434691926,133.889404296875
2024-07-24,134.14598083496094,133.39601834336042,137.5406036376953
2024-07-25,137.67874145507812,133.60980258239078,134.14598083496094
2024-07-26,139.04052734375,134.49765270278763,137.67874145507812
2024-07-29,138.8826446533203,135.5310086335078,139.04052734375
2024-07-30,139.7609100341797,136.38104799818367,138.8826446533203
2024-07-31,141.2904510498047,137.2763263875674,139.7609100341797
2024-08-01,139.61288452148438,138.33802634507836,141.2904510498047
2024-08-02,135.37950134277344,138.89615001595757,139.61288452148438
2024-08-05,133.2677459716797,138.502155552551,135.37950134277344
2024-08-06,134.02760314941406,137.7103642391071,133.2677459716797
2024-08-07,134.70848083496094,137.15461003273595,134.02760314941406
2024-08-08,137.6885986328125,136.7914804246649,134.70848083496094
2024-08-09,138.36952209472656,137.05981752199824,137.6885986328125
2024-08-12,138.3004150390625,137.4144041559989,138.36952209472656
2024-08-13,139.1293487548828,137.69233142633976,138.3004150390625
2024-08-14,139.5142059326172,138.0834312098832,139.1293487548828
2024-08-15,141.45819091796875,138.4825706337473,139.5142059326172
2024-08-16,141.9812469482422,139.2006589224805,141.45819091796875
2024-08-19,142.5831756591797,139.90791111968966,141.9812469482422
2024-08-20,141.4483184814453,140.61916834226835,142.5831756591797
2024-08-21,141.9910888671875,140.98281086531887,141.4483184814453
2024-08-22,142.05026245117188,141.38096193208338,141.9910888671875
2024-08-23,142.89892578125,141.71130434070497,142.05026245117188
2024-08-26,142.49435424804688,142.1409200905505,142.89892578125
2024-08-27,142.83970642089844,142.40443621133392,142.49435424804688
2024-08-28,143.38247680664062,142.67433357811424,142.83970642089844
2024-08-29,144.82321166992188,142.98951487288278,143.38247680664062
2024-08-30,145.76068115234375,143.52423326131256,144.82321166992188
2024-09-03,140.77731323242188,144.14741812187907,145.76068115234375
2024-09-04,141.71478271484375,143.65717330240383,140.77731323242188
2024-09-05,140.3727264404297,143.3926694400473,141.71478271484375
2024-09-06,138.122802734375,142.8692838556821,140.3727264404297
2024-09-09,141.04373168945312,141.94271225416455,138.122802734375
2024-09-10,140.5108642578125,141.70994386992174,141.04373168945312
2024-09-11,140.41217041015625,141.3883787296681,140.5108642578125
2024-09-12,142.2673797607422,141.07941397058102,140.41217041015625
2024-09-13,143.4712677001953,141.17613342370018,142.2673797607422
2024-09-16,144.14230346679688,141.49470073815309,143.4712677001953
2024-09-17,143.7969512939453,141.89820012519974,144.14230346679688
2024-09-18,143.88572692871094,142.17026261358444,143.7969512939453
2024-09-19,145.3363494873047,142.41476504336237,143.88572692871094
2024-09-20,145.93829345703125,142.90849648854996,145.3363494873047
2024-09-23,147.6454620361328,143.44677398183083,145.93829345703125
2024-09-24,147.24087524414062,144.24389410136192,147.6454620361328
2024-09-25,147.00071716308594,144.83889378315004,147.24087524414062
2024-09-26,146.07171630859375,145.28950101195318,147.00071716308594
2024-09-27,146.77340698242188,145.47532131203752,146.07171630859375
2024-09-30,147.89016723632812,145.75892224467987,146.77340698242188
2024-10-01,149.58021545410156,146.21059388968249,147.89016723632812
2024-10-02,149.590087890625,146.92223686166918,149.58021545410156
2024-10-03,148.61163330078125,147.5200374976844,149.590087890625
2024-10-04,150.02491760253906,147.8190100980936,148.61163330078125
2024-10-07,149.56044006347656,148.33853403704165,150.02491760253906
2024-10-08,149.60984802246094,148.67136557534394,149.56044006347656
2024-10-09,150.06443786621094,148.94508576734648,149.60984802246094
2024-10-10,148.6314239501953,149.24892115855377,150.06443786621094
2024-10-11,151.07254028320312,149.1998764000834,148.6314239501953
2024-10-14,151.95211791992188,149.62389106153964,151.07254028320312
2024-10-15,151.17135620117188,150.14451833189952,151.95211791992188
2024-10-16,152.8811492919922,150.41469179774515,151.17135620117188
2024-10-17,153.08865356445312,150.96750412921432,152.8811492919922
2024-10-18,153.04916381835938,151.46294097367286,153.08865356445312
2024-10-21,153.7903594970703,151.85804405669836,153.04916381835938
2024-10-22,148.75990295410156,152.32255137645302,153.7903594970703
2024-10-23,149.21450805664062,151.6878397749092,148.75990295410156
2024-10-24,147.64309692382812,151.20445299899,149.21450805664062
2024-10-25,147.87042236328125,150.44961526603302,147.64309692382812
2024-10-28,146.96116638183594,149.82518534006223,147.87042236328125
2024-10-29,145.80484008789062,149.0900921384846,146.96116638183594
2024-10-30,145.61708068847656,148.21387421884282,145.80484008789062
2024-10-31,142.74110412597656,147.41466858464474,145.61708068847656
2024-11-01,142.84982299804688,146.14727949912478,142.74110412597656
2024-11-04,143.06724548339844,145.07925920954963,142.84982299804688
2024-11-05,144.7770233154297,144.21158426460707,143.06724548339844
2024-11-06,149.3924102783203,143.82179041165864,144.7770233154297
2024-11-07,148.5029296875,144.43203709718415,149.3924102783203
2024-11-08,153.9979248046875,144.80229234664503,148.5029296875
2024-11-11,155.4705047607422,146.24395076981864,153.9979248046875
2024-11-12,153.68167114257812,147.80130314245082,155.4705047607422
2024-11-13,154.24501037597656,148.79683295243603,153.68167114257812
2024-11-14,149.4022979736328,149.7723140061168,154.24501037597656
2024-11-15,148.33493041992188,149.64053134126448,149.4022979736328
2024-11-18,148.55235290527344,149.30653090581836,148.33493041992188
2024-11-19,149.21450805664062,149.0570297818837,148.55235290527344
2024-11-20,149.88658142089844,148.9717082101395,149.21450805664062
2024-11-21,151.1318359375,149.03168431637965,149.88658142089844
2024-11-22,152.7032470703125,149.3330383370998,151.1318359375
2024-11-25,151.09230041503906,149.90836116900581,152.7032470703125
2024-11-26,152.8811492919922,150.0802227191889,151.09230041503906
2024-11-27,152.0608367919922,150.5839526111421,152.8811492919922
2024-11-29,153.7508544921875,150.85001996941793,152.0608367919922
2024-12-02,151.57656860351562,151.41290974787017,153.7508544921875
2024-12-03,151.61611938476562,151.45556661534974,151.57656860351562
2024-12-04,153.42471313476562,151.491268162733,151.61611938476562
2024-12-05,150.99346923828125,151.8765781691649,153.42471313476562
2024-12-06,150.33131408691406,151.712980075479,150.99346923828125
2024-12-09,147.55416870117188,151.42920133751142,150.33131408691406
2024-12-10,148.02854919433594,150.6184408812685,147.55416870117188
2024-12-11,147.54425048828125,150.0073178240234,148.02854919433594
2024-12-12,145.8147430419922,149.3804167978996,147.54425048828125
2024-12-13,146.63502502441406,148.49317763447152,145.8147430419922
2024-12-16,147.87042236328125,147.89621007323257,146.63502502441406
2024-12-17,146.55906677246094,147.63744711043347,147.87042236328125
2024-12-18,141.77154541015625,147.1621712208542,146.55906677246094
2024-12-19,143.04029846191406,145.80312777183448,141.77154541015625
2024-12-20,145.03262329101562,144.89883129395224,143.04029846191406
2024-12-23,145.22091674804688,144.53847131420926,145.03262329101562
2024-12-24,146.55906677246094,144.28932178874777,145.22091674804688
2024-12-26,147.1438751220703,144.36810070997402,146.55906677246094
2024-12-27,146.32118225097656,144.57911484069493,147.1438751220703
2024-12-30,144.427978515625,144.62059846960506,146.32118225097656
2024-12-31,144.07115173339844,144.29890126764184,144.427978515625
2025-01-02,143.58546447753906,143.9710972573331,144.07115173339844
2025-01-03,144.91368103027344,143.61290537102013,143.58546447753906
2025-01-06,143.6945037841797,143.59328738129406,144.91368103027344
2025-01-07,143.56564331054688,143.3552671332228,143.6945037841797
2025-01-08,144.71543884277344,143.14695869701447,143.56564331054688
2025-01-10,143.8035430908203,143.22116246787434,144.71543884277344
2025-01-13,144.84429931640625,143.12541133819602,143.8035430908203
2025-01-14,146.77713012695312,143.27346671421145,144.84429931640625
2025-01-15,147.57998657226562,143.81054231194477,146.77713012695312
2025-01-16,149.0271453857422,144.45536343562551,147.57998657226562
2025-01-17,150.28598022460938,145.31879061722447,149.0271453857422
2025-01-21,155.12303161621094,146.3294333476093,150.28598022460938
2025-01-22,154.21112060546875,148.18090502912918,155.12303161621094
2025-01-23,157.10543823242188,149.59890464967884,154.21112060546875
2025-01-24,155.3411102294922,151.39768122707324,157.10543823242188
2025-01-27,153.6560821533203,152.5834268420182,155.3411102294922
2025-01-28,153.5668487548828,153.24763168783855,153.6560821533203
2025-01-29,152.6053924560547,153.77671812929765,153.5668487548828
2025-01-30,155.83670043945312,154.01149000359956,152.6053924560547
2025-01-31,155.20233154296875,154.83226049768092,155.83670043945312
2025-02-03,155.41046142578125,155.3826846276552,155.20233154296875
2025-02-04,154.45895385742188,155.86606729381703,155.41046142578125
2025-02-05,155.93582153320312,156.05733444687704,154.45895385742188
2025-02-06,155.64837646484375,156.48281203944714,155.93582153320312
2025-02-07,155.07350158691406,156.75675138730261,155.64837646484375
2025-02-10,155.7970428466797,156.84139503299963,155.07350158691406
2025-02-11,156.0944061279297,157.0234448202933,155.7970428466797
2025-02-12,155.03382873535156,157.20508067687098,156.0944061279297
2025-02-13,153.68580627441406,157.11440205988322,155.03382873535156
2025-02-14,152.19900512695312,156.73139075880752,153.68580627441406
2025-02-18,153.3785400390625,156.07000537146692,152.19900512695312
2025-02-19,153.0117950439453,155.7067483680453,153.3785400390625
2025-02-20,151.57455444335938,155.2950055879407,153.0117950439453
2025-02-21,148.03599548339844,154.6293663395052,151.57455444335938
2025-02-24,148.2738494873047,153.32567286651633,148.03599548339844
2025-02-25,149.12628173828125,152.23331721081286,148.2738494873047
2025-02-26,149.81021118164062,151.45389355926233,149.12628173828125
2025-02-27,150.95999145507812,150.91694638283838,149.81021118164062
2025-02-28,153.42807006835938,150.68673853818288,150.95999145507812
2025-03-03,151.70339965820312,150.98901359736516,153.42807006835938
2025-03-04,148.03599548339844,150.9106481714772,151.70339965820312
2025-03-05,151.17807006835938,150.1120198620921,148.03599548339844
2025-03-06,148.11524963378906,150.05924637687747,151.17807006835938
2025-03-07,148.4225311279297,149.4086359995159,148.11524963378906
2025-03-10,146.8167724609375,148.91851091217222,148.4225311279297
2025-03-11,147.02491760253906,148.18591439321366,146.8167724609375
2025-03-12,148.01612854003906,147.61025063693475,147.02491760253906
2025-03-13,147.61964416503906,147.33051419999748,148.01612854003906
2025-03-14,149.90931701660156,147.02996832583983,147.61964416503906
2025-03-17,152.0800323486328,147.25145824584865,149.90931701660156
2025-03-18,151.63624572753906,147.9007099045089,152.0800323486328
2025-03-19,155.2601318359375,148.39268987251006,151.63624572753906
2025-03-20,154.01907348632812,149.5619514054838,155.2601318359375
2025-03-21,153.63185119628906,150.33649415651848,154.01907348632812
2025-03-24,156.98765563964844,150.93571553365172,153.63185119628906
2025-03-25,158.35777282714844,152.13104624778825,156.98765563964844
2025-03-26,156.0047607421875,153.4394966910627,158.35777282714844
2025-03-27,155.2501983642578,154.09247305320767,156.0047607421875
2025-03-28,152.13267517089844,154.49445712877386,155.2501983642578
2025-03-31,152.00360107421875,154.20265933742587,152.13267517089844
2025-04-01,153.10565185546875,153.91022913310167,152.00360107421875
2025-04-02,153.6715545654297,153.8664244593739,153.10565185546875
2025-04-03,146.72171020507812,153.93150832455424,153.6715545654297
2025-04-04,134.34100341796875,152.58233452876584,146.72171020507812
2025-04-07,134.82748413085938,148.92181809800567,134.34100341796875
2025-04-08,136.41603088378906,145.8553131763581,134.82748413085938
2025-04-09,148.75704956054688,143.54046218060824,136.41603088378906
2025-04-10,146.02671813964844,144.04748179889995,148.75704956054688
2025-04-11,148.04217529296875,143.97522550725392,146.02671813964844
2025-04-14,149.78958129882812,144.35196158783637,148.04217529296875
2025-04-15,149.2335968017578,145.06173364194242,149.78958129882812
2025-04-16,148.58824157714844,145.59361516705852,149.2335968017578
2025-04-17,148.47903442382812,145.94974033402767,148.58824157714844
2025-04-21,145.41116333007812,146.25793957887836,148.47903442382812
2025-04-22,145.11331176757812,145.92824204566676,145.41116333007812
2025-04-23,149.16409301757812,145.601435860175,145.11331176757812
2025-04-24,151.7653350830078,146.15097863509072,149.16409301757812
2025-04-25,153.62191772460938,147.166931557051,151.7653350830078
2025-04-28,154.6048583984375,148.43261364341853,153.62191772460938
2025-04-29,155.3097686767578,149.73311876419018,154.6048583984375
2025-04-30,155.7863311767578,151.0011844213941,155.3097686767578
2025-05-01,157.41458129882812,152.18890455867745,155.7863311767578
2025-05-02,160.20443725585938,153.5322907661616,157.41458129882812
2025-05-05,160.09523010253906,155.23766425355336,160.20443725585938
2025-05-06,158.9832763671875,156.6678310707987,160.09523010253906
2025-05-07,159.16195678710938,157.65123882771027,158.9832763671875
2025-05-08,162.26954650878906,158.5022782599247,159.16195678710938
2025-05-09,162.1603546142578,159.82364359949392,162.26954650878906
2025-05-12,164.4538116455078,160.90243343052475,162.1603546142578
2025-05-13,165.74449157714844,162.2495629597521,164.4538116455078
2025-05-14,165.92320251464844,163.6234234116421,165.74449157714844
2025-05-15,169.44778442382812,164.79250014619353,165.92320251464844
2025-05-16,170.70867919921875,166.45199491525028,169.44778442382812
2025-05-19,172.0589599609375,168.0772080120615,170.70867919921875
2025-05-20,172.1681671142578,169.68532522246105,172.0589599609375
2025-05-21,169.56692504882812,171.0245028910854,172.1681671142578
2025-05-22,168.9811553955078,171.58276769989584,169.56692504882812
2025-05-23,169.82505798339844,171.86800991456326,168.9811553955078
2025-05-27,174.0247802734375,172.20533576542866,169.82505798339844
2025-05-28,174.2432098388672,173.2632693198153,174.0247802734375
2025-05-29,175.04739379882812,174.14611462097756,174.2432098388672
2025-05-30,175.97073364257812,174.99367051483753,175.04739379882812
2025-06-02,176.9635772705078,175.8339428256023,175.97073364257812
2025-06-03,178.0656280517578,176.68169567801306,176.9635772705078
2025-06-04,178.84996032714844,177.5574677669307,178.0656280517578
2025-06-05,178.9492645263672,178.39351077544495,178.84996032714844
2025-06-06,180.65692138671875,179.05725586636268,178.9492645263672
2025-06-09,181.33206176757812,179.89512631770913,180.65692138671875
2025-06-10,177.8472137451172,180.67694643248467,181.33206176757812
2025-06-11,179.39601135253906,180.5750910814683,177.8472137451172
2025-06-12,178.1847686767578,180.72109294796485,179.39601135253906
2025-06-13,178.92941284179688,180.53166115781946,178.1847686767578
2025-06-16,178.0469207763672,180.44869384202173,178.92941284179688
2025-06-17,178.86181640625,180.13545890823647,178.0469207763672
2025-06-18,177.6692657470703,179.96827160806237,178.86181640625
2025-06-20,179.31895446777344,179.52936761069893,177.6692657470703
2025-06-23,181.87298583984375,179.43067464165762,179.31895446777344
2025-06-24,180.62081909179688,179.81276984603124,181.87298583984375
2025-06-25,180.9090118408203,179.8495827652944,180.62081909179688
2025-06-26,183.3537139892578,179.89880920855097,180.9090118408203
2025-06-27,186.38478088378906,180.39447323073875,183.3537139892578
2025-06-30,187.468017578125,181.39604880085778,186.38478088378906
2025-07-01,183.86056518554688,182.44382225847264,187.468017578125
2025-07-02,183.58230590820312,182.58796736079046,183.86056518554688
2025-07-03,185.69908142089844,182.61808748047577,183.58230590820312
2025-07-07,186.9015655517578,183.03276143272876,185.69908142089844
2025-07-08,185.59970092773438,183.59873229823313,186.9015655517578
2025-07-09,187.73634338378906,183.79324974203303,185.59970092773438
2025-07-10,187.4779510498047,184.35734637050496,187.73634338378906
2025-07-11,188.60092163085938,184.76156164539827,187.4779510498047
2025-07-14,192.4369354248047,185.3049836935448,188.60092163085938
2025-07-15,192.01956176757812,186.51401544593367,192.4369354248047
2025-07-16,193.2220458984375,187.44371126248515,192.01956176757812
2025-07-17,194.64315795898438,188.45457510214348,193.2220458984375
2025-07-18,194.89161682128906,189.57752517437098,194.64315795898438
2025-07-21,193.44065856933594,190.56002369329832,194.89161682128906
2025-07-22,190.98602294921875,191.077553791901,193.44065856933594
2025-07-23,195.66676330566406,190.99024339546315,190.98602294921875
2025-07-24,195.6170654296875,191.81372605541463,195.66676330566406
2025-07-25,197.03819274902344,192.4770827733419,195.6170654296875
2025-07-28,196.81954956054688,193.2965800223597,197.03819274902344
2025-07-29,196.00462341308594,193.9213696595113,196.81954956054688
2025-07-30,197.40589904785156,194.25736383248446,196.00462341308594
2025-07-31,195.37855529785156,194.78874263242483,197.40589904785156
2025-08-01,194.56365966796875,194.8018729624395,195.37855529785156
2025-08-04,196.680419921875,194.61126430645174,194.56365966796875
2025-08-05,196.31271362304688,194.83599976199795,196.680419921875
2025-08-06,196.18353271484375,194.92423095254318,196.31271362304688
2025-08-07,195.73634338378906,194.94408431844715,196.18353271484375
2025-08-08,195.22947692871094,194.84318046425471,195.73634338378906
2025-08-11,195.04066467285156,194.6283835055343,195.22947692871094
2025-08-12,197.0083770751953,194.38179140191204,195.04066467285156
2025-08-13,195.58724975585938,194.54402746637513,197.0083770751953
2025-08-14,194.77235412597656,194.38224542704916,195.58724975585938
2025-08-15,193.86801147460938,194.0636998808927,194.77235412597656
2025-08-18,194.7127227783203,193.59431322528795,193.86801147460938
2025-08-19,192.03944396972656,193.34908139853087,194.7127227783203
2025-08-20,193.102783203125,192.5949748331782,192.03944396972656
2025-08-21,193.74874877929688,192.15425056428256,193.102783203125
2025-08-22,194.5934600830078,191.90517210979777,193.74874877929688
2025-08-25,194.14627075195312,191.8649075331305,194.5934600830078
2025-08-26,198.737548828125,191.74784659984533,194.14627075195312
2025-08-27,198.0021514892578,192.57675976903215,198.737548828125
2025-08-28,198.9164276123047,193.15476053750265,198.0021514892578
2025-08-29,197.187255859375,193.84394382370712,198.9164276123047
2025-09-02,197.26675415039062,194.09656863570316,197.187255859375
2025-09-03,195.71646118164062,194.33281518061108,197.26675415039062
2025-09-04,197.28663635253906,194.22733241928574,195.71646118164062
2025-09-05,196.8990478515625,194.45303272236495,197.28663635253906
2025-09-08,196.4220428466797,194.57282594922876,196.8990478515625
2025-09-09,195.0108642578125,194.5828912939209,196.4220428466797
2025-09-10,197.6642608642578,194.31093124822016,195.0108642578125
2025-09-11,198.82699584960938,194.6119001768956,197.6642608642578
2025-09-12,198.18104553222656,195.11046450975715,198.82699584960938
2025-09-15,200.56613159179688,195.41560913517426,198.18104553222656
2025-09-16,201.3840789794922,196.16027557918673,200.56613159179688
2025-09-17,200.01751708984375,196.969078845756,201.3840789794922
2025-09-18,202.46136474609375,197.39195199916705,200.01751708984375
2025-09-19,202.89027404785156,198.24335465659598,202.46136474609375
2025-09-22,203.77804565429688,199.05914151723857,202.89027404785156
2025-09-23,205.64337158203125,199.93293175591216,203.77804565429688
2025-09-24,203.15960693359375,201.05005603894645,205.64337158203125
2025-09-25,202.60101318359375,201.50104712656517,203.15960693359375
2025-09-26,205.1845245361328,201.75953944226768,202.60101318359375
2025-09-29,204.92518615722656,202.48200916207503,205.1845245361328
2025-09-30,208.735595703125,203.03379392602452,204.92518615722656
2025-10-01,208.72561645507812,204.25307970411683,208.735595703125
2025-10-02,208.8553009033203,205.27998047699984,208.72561645507812
2025-10-03,209.02487182617188,206.1652086631747,208.8553009033203
2025-10-06,212.01736450195312,206.93261488926947,209.02487182617188
2025-10-07,212.4263458251953,208.1625736528734,212.01736450195312
2025-10-08,214.62081909179688,209.27156979620574,212.4263458251953
2025-10-09,210.7106475830078,210.63068734616004,214.62081909179688
2025-10-10,205.52366638183594,210.9769806321615,210.7106475830078
2025-10-13,208.595947265625,210.18828727902897,205.52366638183594
2025-10-14,210.22186279296875,210.07829065908612,208.595947265625
2025-10-15,207.15956115722656,210.2698145324696,210.22186279296875
2025-10-16,205.73313903808594,209.78322927665786,207.15956115722656
2025-10-17,205.4139404296875,209.04076324350743,205.73313903808594
2025-10-20,209.08473205566406,208.30404352631393,205.4139404296875
2025-10-21,212.82533264160156,208.3787871109479,209.08473205566406
2025-10-22,210.0123748779297,209.17348935000544,212.82533264160156
2025-10-23,215.17941284179688,209.27533188080437,210.0123748779297
2025-10-24,216.31655883789062,210.3787601069023,215.17941284179688
2025-10-27,218.3514404296875,211.53928172153272,216.31655883789062
2025-10-28,216.99485778808594,212.9257884258605,218.3514404296875
2025-10-29,216.90509033203125,213.82273472769612,216.99485778808594
2025-10-30,214.77044677734375,214.54645913513292,216.90509033203125
2025-10-31,215.2492218017578,214.70801389794073,214.77044677734375
2025-11-03,214.44126892089844,214.9073951926465,215.2492218017578
2025-11-04,211.22933959960938,214.88255102072753,214.44126892089844
2025-11-05,208.945068359375,214.18268619455756,211.22933959960938
2025-11-06,207.0498504638672,213.0882217136446,208.945068359375
2025-11-07,208.51614379882812,211.73654695929292,207.0498504638672
2025-11-10,210.44131469726562,210.84462875232032,208.51614379882812
2025-11-11,209.9824676513672,210.44985324556595,210.44131469726562
2025-11-12,209.11465454101562,210.01137644983748,209.9824676513672
2025-11-13,204.5261688232422,209.45592637321636,209.11465454101562
2025-11-14,205.42393493652344,208.0554600135025,204.5261688232422
2025-11-17,203.2992401123047,207.0300705885397,205.42393493652344
2025-11-18,202.25189208984375,205.72923036118908,203.2992401123047
2025-11-19,202.6209716796875,204.41203775276287,202.25189208984375
2025-11-20,198.2718963623047,203.37139585316402,202.6209716796875
2025-11-21,197.73324584960938,201.62842504465758,198.2718963623047
2025-11-24,200.1870880126953,200.0485433964981,197.73324584960938
2025-11-25,201.8927764892578,199.2179342918801,200.1870880126953
2025-11-26,203.1895294189453,198.89070162130193,201.8927764892578
2025-11-28,204.58602905273438,198.91869105168004,203.1895294189453
2025-12-01,198.74072265625,199.2736943997121,204.58602905273438
2025-12-02,200.80552673339844,198.45582011163157,198.74072265625
2025-12-03,201.11474609375,198.2098917210653,200.80552673339844
2025-12-04,204.1571044921875,198.10795660503618,201.11474609375
2025-12-05,201.90277099609375,198.67859657236627,204.1571044921875
2025-12-08,203.83792114257812,198.76557539888722,201.90277099609375
2025-12-09,202.1222381591797,199.27163796335614,203.83792114257812
2025-12-10,203.92767333984375,199.40478217857716,202.1222381591797
2025-12-11,207.74807739257812,199.9188072429983,203.92767333984375
2025-12-12,208.88522338867188,201.1641743301246,207.74807739257812
2025-12-15,209.11465454101562,202.49873753016536,208.88522338867188
2025-12-16,207.4288787841797,203.72086974959177,209.11465454101562
2025-12-17,204.28677368164062,204.45396257329895,207.4288787841797
2025-12-18,207.72813415527344,204.4657776479578,204.28677368164062
2025-12-19,213.3739471435547,205.17253323174293,207.72813415527344
2025-12-22,218.81028747558594,206.92164457763172,213.3739471435547
2025-12-23,219.13946533203125,209.52483945864455,218.81028747558594
2025-12-24,219.64817810058594,211.83154020809036,219.13946533203125
2025-12-26,217.52352905273438,213.90606381992933,219.64817810058594
2025-12-29,216.45620727539062,215.24112618874662,217.52352905273438
2025-12-30,215.79786682128906,216.14084240596665,216.45620727539062
2025-12-31,214.15200805664062,216.74176268567035,215.79786682128906
2026-01-02,221.45364379882812,216.8835176834898,214.15200805664062
2026-01-05,225.91244506835938,218.4237378961526,221.45364379882812
2026-01-06,229.6331024169922,220.60200008260728,225.91244506835938
2026-01-07,225.84263610839844,223.17739812367122,229.6331024169922
2026-01-08,226.86004638671875,224.57944399845445,225.84263610839844
2026-01-09,232.3861846923828,225.92380458211701,226.86004638671875
2026-01-12,235.95721435546875,228.1197512410017,232.3861846923828
2026-01-13,236.94473266601562,230.65517694877957,235.95721435546875
2026-01-14,238.5606689453125,232.95751555125193,236.94473266601562
2026-01-15,240.6055450439453,235.17652120652454,238.5606689453125
2026-01-16,243.1591339111328,237.40263280254393,240.6055450439453
2026-01-20,237.30381774902344,239.73084405402562,243.1591339111328
2026-01-21,239.6678924560547,240.4530592999526,237.30381774902344
2026-01-22,235.2290496826172,241.43242504789401,239.6678924560547
2026-01-23,234.48092651367188,241.26994487598543,235.2290496826172
2026-01-26,232.795166015625,240.8629640577447,234.48092651367188
2026-01-27,236.42605590820312,240.06249133816692,232.795166015625
2026-01-28,233.10438537597656,239.99683037111677,236.42605590820312
2026-01-29,232.1966552734375,239.17859534869223,233.10438537597656
2026-01-30,231.79766845703125,238.20025147898892,232.1966552734375
2026-02-02,230.5807342529297,237.19430797101955,231.79766845703125
2026-02-03,233.90237426757812,236.00932917645542,230.5807342529297
2026-02-04,227.4286346435547,235.5897319500155,233.90237426757812
2026-02-05,225.6132049560547,233.8740882536891,227.4286346435547
2026-02-06,233.34378051757812,231.98006015904824,225.6132049560547
2026-02-09,234.25149536132812,231.85997678369225,233.34378051757812
2026-02-10,232.62559509277344,231.91372289921617,234.25149536132812
2026-02-11,230.3712615966797,231.61223095199216,232.62559509277344
2026-02-12,231.94729614257812,230.87983721329002,230.3712615966797
2026-02-13,234.28140258789062,230.54814911062542,231.94729614257812
2026-02-17,237.57315063476562,230.7202835972143,234.28140258789062
2026-02-18,239.7177734375,231.52331335148264,237.57315063476562
2026-02-19,242.87982177734375,232.6415638439211,239.7177734375
2026-02-20,243.03941345214844,234.23448735040319,242.87982177734375
2026-02-23,240.65541076660156,235.6309225197112,243.03941345214844
2026-02-24,242.5007781982422,236.34150630463893,240.65541076660156
2026-02-25,240.61550903320312,237.30432112462074,242.5007781982422
2026-02-26,242.2115020751953,237.73482725047725,240.61550903320312
2026-02-27,243.1092529296875,238.40208250760094,242.2115020751953
2026-03-02,249.95205688476562,239.1338832106076,243.1092529296875
2026-03-03,244.36607360839844,241.11405865765724,249.95205688476562
2026-03-04,246.35110473632812,241.6757624054823,244.36607360839844
2026-03-05,239.43846130371094,242.5253676197199,246.35110473632812
2026-03-06,241.5930633544922,241.8371455759522,239.43846130371094
2026-03-09,241.3835906982422,241.6399871617881,241.5930633544922
2026-03-10,239.11927795410156,241.39786200241593,241.3835906982422
2026-03-11,238.0818634033203,240.70770899955002,239.11927795410156
2026-03-12,230.909912109375,239.88046648934372,238.0818634033203
2026-03-13,228.76527404785156,237.70838517093802,230.909912109375
2026-03-16,232.22659301757812,235.39021845339622,228.76527404785156
2026-03-17,232.46713256835938,234.08324136220193,232.22659301757812
2026-03-18,230.9998779296875,233.01487901890394,232.46713256835938
2026-03-19,226.8975067138672,231.81681781948535,230.9998779296875
2026-03-20,222.14634704589844,229.98311954023725,226.8975067138672
2026-03-23,222.9348907470703,227.4759879065543,222.14634704589844
2026-03-24,222.22621154785156,225.50823474197085,222.9348907470703
2026-03-25,225.4402313232422,223.7168075605952,222.22621154785156
2026-03-26,219.71087646484375,222.87372812378112,225.4402313232422
2026-03-27,215.6384735107422,221.0611653839484,219.71087646484375
2026-03-30,210.39822387695312,218.74645495229362,215.6384735107422
2026-03-31,218.3434295654297,215.77024852742576,210.39822387695312
2026-04-01,223.22434997558594,214.87889471362584,218.3434295654297
2026-04-02,221.49757385253906,215.18396429081605,223.22434997558594
2026-04-06,224.7814483642578,215.1969838788665,221.49757385253906
2026-04-07,222.88497924804688,215.9592033937528,224.7814483642578
2026-04-08,231.73851013183594,216.32468333883352,222.88497924804688
2026-04-09,231.32925415039062,218.49913428354412,231.73851013183594
2026-04-10,229.21319580078125,220.37145984070744,231.32925415039062
2026-04-13,232.37730407714844,221.62697229681726,229.21319580078125
2026-04-14,234.992431640625,223.39850306516414,232.37730407714844
2026-04-15,233.56509399414062,225.49704811736854,234.992431640625
2026-04-16,228.60433959960938,227.0560314715921,233.56509399414062
2026-04-17,231.50892639160156,227.4284695751734,228.60433959960938
2026-04-20,231.41909790039062,228.34637309516228,231.50892639160156
2026-04-21,222.6753692626953,229.13152157658135,231.41909790039062
2026-04-22,218.74269104003906,228.05932882127217,222.6753692626953
2026-04-23,218.70277404785156,226.34493188615886,218.74269104003906
2026-04-24,215.39892578125,224.86190371299358,218.70277404785156
2026-04-27,215.6384735107422,222.93079590558605,215.39892578125
2026-04-28,215.80816650390625,221.3300240120034,215.6384735107422
2026-04-29,212.74386596679688,220.00842352729708,215.80816650390625
2026-04-30,218.15379333496094,218.28478455395503,212.74386596679688
2026-05-01,215.8680419921875,217.9197953651036,218.15379333496094
2026-05-04,213.93165588378906,217.18918323998795,215.8680419921875
2026-05-05,214.9697265625,216.21243389357147,213.93165588378906
2026-05-06,223.0047607421875,215.62159225583895,214.9697265625
2026-05-07,222.09645080566406,216.77123564019388,223.0047607421875
2026-05-08,223.07464599609375,217.62875008259047,222.09645080566406
2026-05-11,225.5699920654297,218.60517119795014,223.07464599609375
2026-05-12,224.97109985351562,219.98243333204053,225.5699920654297
2026-05-13,225.29052734375,221.07822660175606,224.97109985351562
2026-05-14,224.04283142089844,222.10708766255945,225.29052734375
2026-05-15,216.8662109375,222.7568597011972,224.04283142089844
2026-05-18,219.8206787109375,221.88313697844086,216.8662109375
2026-05-19,217.91424560546875,221.72361056207788,219.8206787109375
2026-05-20,222.86502075195312,221.20800547316028,217.91424560546875
2026-05-21,222.73526000976562,221.76147511792954,222.86502075195312
2026-05-22,224.9511260986328,222.21963153460956,222.73526000976562
2026-05-26,229.06349182128906,223.06286389227193,224.9511260986328
2026-05-27,230.0516357421875,224.61676833225945,229.06349182128906
2026-05-28,235.13218688964844,226.1520796825949,230.0516357421875
2026-05-29,235.00242614746094,228.48525108584084,235.13218688964844
2026-06-01,229.48269653320312,230.45378819587881,235.00242614746094
2026-06-02,227.9056396484375,231.0147413155658,229.48269653320312
2026-06-03,224.47203063964844,231.1428638679002,227.9056396484375
2026-06-04,231.13961791992188,230.5229225805955,224.47203063964844
2026-06-05,229.0235595703125,231.28523138963098,231.13961791992188
2026-06-08,226.83761596679688,231.4815263076978,229.0235595703125
2026-06-09,230.02169799804688,231.17256412948768,226.83761596679688
2026-06-10,224.45205688476562,231.50567555825842,230.02169799804688
2026-06-11,235.60130310058594,230.63848515213368,224.45205688476562
2026-06-12,233.35548400878906,232.09106044762257,235.60130310058594
2026-06-15,237.12510681152344,232.86244045725462,233.35548400878906
2026-06-16,239.24267578125,234.24744329453264,237.12510681152344
2026-06-17,242.5088653564453,235.82833495456816,239.24267578125
2026-06-18,238.71328735351562,237.80416764365881,242.5088653564453
2026-06-22,235.2373046875,238.69749958068962,238.71328735351562
2026-06-23,235.6568145751953,238.7130149684729,235.2373046875
2026-06-24,235.91651916503906,238.7505935003712,235.6568145751953
2026-06-25,237.1051483154297,238.77740555955137,235.91651916503906
2026-06-26,236.50582885742188,238.98363368189484,237.1051483154297
2026-06-29,238.85311889648438,238.98759357966102,236.50582885742188
2026-06-30,242.13929748535156,239.40995333206453,238.85311889648438
2026-07-01,243.57763671875,240.38443273047062,242.13929748535156
2026-07-02,247.9026336669922,241.46535519748525,243.57763671875
2026-07-06,250.4896240234375,243.21524214285034,247.9026336669922
2026-07-07,244.82618713378906,245.19099371859048,250.4896240234375
2026-07-08,239.3525390625,245.6998264136117,244.82618713378906
2026-07-09,239.34254455566406,244.9737321289547,239.3525390625
2026-07-10,238.78318786621094,244.278854771078,239.34254455566406
2026-07-13,234.77784729003906,243.50714573870587,238.78318786621094
2026-07-14,234.99758911132812,241.98343625908805,234.77784729003906
2026-07-15,236.14625549316406,240.6654313937721,234.99758911132812
2026-07-16,230.62265014648438,239.7208861726133,236.14625549316406
2026-07-17,230.4628448486328,237.76805153402003,230.62265014648438
2026-07-20,229.00453186035156,236.0276674506602,230.4628448486328
2026-07-21,229.4739990234375,234.22102256092523,229.00453186035156
2026-07-22,230.8424072265625,232.75348825616175,229.4739990234375
2026-07-23,237.9541473388672,231.76911101100134,230.8424072265625
2026-07-24,239.86195373535156,232.3624563056633,237.9541473388672
2026-07-27,243.62757873535156,233.2783692876452,239.86195373535156
2026-07-28,244.6963348388672,234.84321557063583,243.62757873535156
2026-07-29,235.98643493652344,236.42264855516527,244.6963348388672
2026-07-30,237.85427856445312,236.04487141740142,235.98643493652344
2026-07-31,239.38250732421875,236.09353087374842,237.85427856445312
2026-08-03,245.79507446289062,236.44424085454477,239.38250732421875
2026-08-04,250.35977172851562,238.03708104462822,245.79507446289062
2026-08-05,251.98788452148438,240.3305521009752,250.35977172851562
2026-08-06,249.70054626464844,242.6325793408273,251.98788452148438
2026-08-07,250.45965576171875,244.14573911458646,249.70054626464844
2026-08-10,250.8392333984375,245.57961034203674,250.45965576171875
2026-08-11,251.6083221435547,246.86312771119393,250.8392333984375
2026-08-12,251.32864379882812,248.09000742177722,251.6083221435547
2026-08-13,249.40089416503906,249.05321036802084,251.32864379882812
2026-08-14,252.9268035888672,249.45426817478105,249.40089416503906
2026-08-17,250.9091339111328,250.46261338043064,252.9268035888672
2026-08-18,251.86802673339844,250.88260339809938,250.9091339111328
2026-08-19,245.86497497558594,251.38990937453985,251.86802673339844
2026-08-20,237.28492736816406,250.57518368574827,245.86497497558594
2026-08-21,237.065185546875,248.10160652799024,237.28492736816406
2026-08-24,233.12974548339844,245.8800828107683,237.065185546875
2026-08-25,234.02871704101562,243.14473511197812,233.12974548339844
2026-08-26,236.10630798339844,240.94817290351185,234.02871704101562
2026-08-27,233.98875427246094,239.46816941147782,236.10630798339844
2026-08-28,232.55043029785156,237.77544645144172,233.98875427246094
2026-08-31,228.08560180664062,236.0429552918163,232.55043029785156
2026-09-01,225.19894409179688,233.6767373815639,228.08560180664062
2026-09-02,223.11135864257812,231.08806324057062,225.19894409179688
2026-09-03,225.7183380126953,228.4786513905375,223.11135864257812
2026-09-04,225.34877014160156,226.80483396314696,225.7183380126953
2026-09-08,223.27117919921875,225.35191181951376,225.34877014160156
2026-09-09,219.19590759277344,223.7529902201875,223.27117919921875
2026-09-10,218.0672149658203,221.63168121172066,219.19590759277344
2026-09-11,218.75640869140625,219.65607833108862,218.0672149658203
2026-09-14,216.51901245117188,218.1785548426712,218.75640869140625
2026-09-15,214.0,216.54950921750915,216.51901245117188
2026-09-16,215.27000427246094,214.7367056071915,214.0
2026-09-17,213.7899932861328,213.52975980039486,215.27000427246094
