scenario,seed,estimator,rmse,mae,interval_coverage
Calm market,1000,Latest price,0.954964184952367,0.772061295214116,
Calm market,1000,EWMA,0.44024247099119146,0.3618796157840318,
Calm market,1000,Kalman,0.440698062505073,0.3615642601210525,0.9083333333333333
Calm market,1001,Latest price,0.979291234396529,0.782433323430421,
Calm market,1001,EWMA,0.39580057440152894,0.3189204274339759,
Calm market,1001,Kalman,0.383028413593538,0.3106817407549018,0.9583333333333334
Calm market,1002,Latest price,1.0204048830402368,0.8165215911922665,
Calm market,1002,EWMA,0.35725784796344917,0.2793087402720712,
Calm market,1002,Kalman,0.35692520533861316,0.27991043260329973,0.96
Calm market,1003,Latest price,0.9839697589811707,0.7880865508005418,
Calm market,1003,EWMA,0.36105357964874996,0.2838324107762471,
Calm market,1003,Kalman,0.35494862803329197,0.28104367139458714,0.9633333333333334
Calm market,1004,Latest price,1.021048854089787,0.814424859516289,
Calm market,1004,EWMA,0.40435584317442,0.3224186692625281,
Calm market,1004,Kalman,0.38212500137369976,0.30857890762375434,0.9633333333333334
Calm market,1005,Latest price,0.986003381218518,0.7821049539375627,
Calm market,1005,EWMA,0.34166765172459646,0.2736537872695649,
Calm market,1005,Kalman,0.3421204507836951,0.274158674370543,0.975
Calm market,1006,Latest price,0.9742668668049477,0.7865965253086341,
Calm market,1006,EWMA,0.3874304360029846,0.30011598899603054,
Calm market,1006,Kalman,0.38187611666577287,0.2996515798208549,0.9516666666666667
Calm market,1007,Latest price,0.9609231372550164,0.77297100653382,
Calm market,1007,EWMA,0.3804407004715603,0.3008885178394512,
Calm market,1007,Kalman,0.3807773199575674,0.3020721499227971,0.9433333333333334
Calm market,1008,Latest price,1.021596899221287,0.8158348092213074,
Calm market,1008,EWMA,0.3674108473048297,0.2933006419143744,
Calm market,1008,Kalman,0.37018518043183535,0.29484905174124576,0.9516666666666667
Calm market,1009,Latest price,0.9500836196986535,0.7607287116330544,
Calm market,1009,EWMA,0.42129347755191476,0.3432522787314326,
Calm market,1009,Kalman,0.4212956608193932,0.342244507763378,0.915
Calm market,1010,Latest price,1.0004779829904633,0.8081726075011215,
Calm market,1010,EWMA,0.37242794543646757,0.2974016003673206,
Calm market,1010,Kalman,0.3740781795245012,0.29916187200986,0.9533333333333334
Calm market,1011,Latest price,1.0511615888659793,0.8408871005794154,
Calm market,1011,EWMA,0.4344764750529406,0.3560361958140924,
Calm market,1011,Kalman,0.424234323251907,0.34835386573108945,0.9233333333333333
Calm market,1012,Latest price,1.0118999165326412,0.8021429534383314,
Calm market,1012,EWMA,0.3882002467431069,0.30521200012088556,
Calm market,1012,Kalman,0.3881782395072324,0.30506529865038107,0.9283333333333333
Calm market,1013,Latest price,1.0217765160184875,0.8246141317753684,
Calm market,1013,EWMA,0.4182048384415092,0.3264414052484685,
Calm market,1013,Kalman,0.40898585557788697,0.3213264539866492,0.93
Calm market,1014,Latest price,0.9648168663933664,0.7665361887612328,
Calm market,1014,EWMA,0.38595032433737525,0.31395316483731034,
Calm market,1014,Kalman,0.3827619924350903,0.3102934859946981,0.9433333333333334
Calm market,1015,Latest price,0.988270051028827,0.7994341747220096,
Calm market,1015,EWMA,0.41837189161373317,0.33713869958556963,
Calm market,1015,Kalman,0.41625985625884593,0.33540696216295,0.9266666666666666
Calm market,1016,Latest price,1.0462654288184754,0.8392569176115113,
Calm market,1016,EWMA,0.313026945730505,0.24395996557730565,
Calm market,1016,Kalman,0.3147559326855579,0.24530152225090907,0.9733333333333334
Calm market,1017,Latest price,1.0034021570049072,0.7897247454557516,
Calm market,1017,EWMA,0.3647303796191011,0.2931744049976268,
Calm market,1017,Kalman,0.351152729548505,0.28460930490002023,0.9833333333333333
Calm market,1018,Latest price,0.9773866213517745,0.7621613606047255,
Calm market,1018,EWMA,0.38392828534867257,0.29473401523352455,
Calm market,1018,Kalman,0.3664510096595973,0.28720094880299174,0.965
Calm market,1019,Latest price,1.0086525328768132,0.8042924412207436,
Calm market,1019,EWMA,0.3469772256387808,0.2811214533276734,
Calm market,1019,Kalman,0.34726299388391174,0.2823048850416915,0.97
Calm market,1020,Latest price,0.9925533516080425,0.8061613716255733,
Calm market,1020,EWMA,0.35711678158775917,0.282616575488444,
Calm market,1020,Kalman,0.3566907172504913,0.28172598851839153,0.9533333333333334
Calm market,1021,Latest price,0.9797259992860151,0.7801835818682671,
Calm market,1021,EWMA,0.44629467029574305,0.3619466561206598,
Calm market,1021,Kalman,0.44755585097341294,0.3627654056894944,0.905
Calm market,1022,Latest price,1.0136746510362946,0.812385308888747,
Calm market,1022,EWMA,0.36880020502333793,0.2958981309222479,
Calm market,1022,Kalman,0.3673972957293365,0.2941618763766849,0.9516666666666667
Calm market,1023,Latest price,0.9944830940682898,0.803958894150196,
Calm market,1023,EWMA,0.35476263581391315,0.2797948121696133,
Calm market,1023,Kalman,0.35561744608905876,0.28042663372483123,0.965
Calm market,1024,Latest price,1.0074687389736057,0.8080436171043429,
Calm market,1024,EWMA,0.3903459395941188,0.30636314727989744,
Calm market,1024,Kalman,0.3888083157623571,0.3080921723319665,0.935
Calm market,1025,Latest price,1.020315214544891,0.8078468890977354,
Calm market,1025,EWMA,0.3523717068120601,0.28411082790458314,
Calm market,1025,Kalman,0.34791015276274,0.2807783608719677,0.9666666666666667
Calm market,1026,Latest price,1.0381073745034872,0.822243200678569,
Calm market,1026,EWMA,0.4094122908995784,0.3223239773730667,
Calm market,1026,Kalman,0.40173959652058616,0.3184977042443773,0.9316666666666666
Calm market,1027,Latest price,1.0486208589700616,0.834883712884791,
Calm market,1027,EWMA,0.40467419706898816,0.3298894704006465,
Calm market,1027,Kalman,0.40464258765946404,0.32967703769608,0.9233333333333333
Calm market,1028,Latest price,1.0195637750209656,0.8042857832087394,
Calm market,1028,EWMA,0.38293411829686463,0.3006752017778066,
Calm market,1028,Kalman,0.3907140601605326,0.30579885968545106,0.9266666666666666
Calm market,1029,Latest price,1.001628157175794,0.8113336438910854,
Calm market,1029,EWMA,0.3581759432233522,0.2871477478312605,
Calm market,1029,Kalman,0.35478669804007246,0.28473047467247253,0.9716666666666667
Calm market,1030,Latest price,0.9909603423087204,0.7788865659426049,
Calm market,1030,EWMA,0.3970313481602545,0.3162275269359004,
Calm market,1030,Kalman,0.3976362516386461,0.31640182826990054,0.9433333333333334
Calm market,1031,Latest price,1.0107436985369558,0.8002828828990328,
Calm market,1031,EWMA,0.3425378724847028,0.2744178974996629,
Calm market,1031,Kalman,0.3424396273976076,0.2746221468384673,0.9566666666666667
Calm market,1032,Latest price,1.0142847955688459,0.81644178008704,
Calm market,1032,EWMA,0.40245530038635363,0.328746768913649,
Calm market,1032,Kalman,0.40293625417779827,0.32955626146663664,0.9366666666666666
Calm market,1033,Latest price,0.9596616936946589,0.765559767904408,
Calm market,1033,EWMA,0.3583662203312016,0.29112802361945284,
Calm market,1033,Kalman,0.35415842301911843,0.28792527906305776,0.9733333333333334
Calm market,1034,Latest price,0.9993301616852285,0.7903717567456362,
Calm market,1034,EWMA,0.36058881428707873,0.282923932534885,
Calm market,1034,Kalman,0.36326615210748703,0.2853764919973301,0.9683333333333334
Calm market,1035,Latest price,1.0780817208438926,0.8658684388657188,
Calm market,1035,EWMA,0.3301364159715055,0.2696432693298486,
Calm market,1035,Kalman,0.33170314134172996,0.2712910438478103,0.98
Calm market,1036,Latest price,1.0144061868849419,0.8129133087147062,
Calm market,1036,EWMA,0.41975108550202583,0.3243798164952832,
Calm market,1036,Kalman,0.4071208899650316,0.3135727308756875,0.9333333333333333
Calm market,1037,Latest price,1.0000017741878557,0.7938189557431747,
Calm market,1037,EWMA,0.39325842776851727,0.3116280971037106,
Calm market,1037,Kalman,0.39390445000984736,0.31226709649593776,0.93
Calm market,1038,Latest price,0.9874038654472482,0.7910965318067638,
Calm market,1038,EWMA,0.39681745461435736,0.30377985862361145,
Calm market,1038,Kalman,0.3803695638778851,0.2966407514192861,0.945
Calm market,1039,Latest price,0.9755612338454029,0.7777025241042681,
Calm market,1039,EWMA,0.35571657566214737,0.27506773717289595,
Calm market,1039,Kalman,0.35695058225111576,0.2768435842808128,0.9566666666666667
Calm market,1040,Latest price,0.9801320252998137,0.7745098069024142,
Calm market,1040,EWMA,0.3873331780803235,0.3096507785178695,
Calm market,1040,Kalman,0.38649457897145756,0.3080189522749753,0.9366666666666666
Calm market,1041,Latest price,1.0589048148588651,0.8329863022855011,
Calm market,1041,EWMA,0.4586708119708161,0.33596156741828176,
Calm market,1041,Kalman,0.42737250386466014,0.3235606014135579,0.9183333333333333
Calm market,1042,Latest price,0.9686811462442682,0.777214893573477,
Calm market,1042,EWMA,0.3746552477440583,0.3015274376654989,
Calm market,1042,Kalman,0.37304944659218603,0.3009229532129648,0.9533333333333334
Calm market,1043,Latest price,1.0046195572462187,0.812007709638993,
Calm market,1043,EWMA,0.38452137686779697,0.30080157132389407,
Calm market,1043,Kalman,0.3836166109438299,0.2997818448167677,0.9383333333333334
Calm market,1044,Latest price,1.0557286690114933,0.8402697339758685,
Calm market,1044,EWMA,0.4862116804624383,0.3551034974422445,
Calm market,1044,Kalman,0.44355437849470614,0.33885858866867025,0.9066666666666666
Calm market,1045,Latest price,1.0508986278200385,0.8326429326419643,
Calm market,1045,EWMA,0.4146327918649305,0.33392647546170867,
Calm market,1045,Kalman,0.4020989580529828,0.32438947692147624,0.9416666666666667
Calm market,1046,Latest price,0.9717027838898572,0.7794525744352034,
Calm market,1046,EWMA,0.37212584946433463,0.2984864371770498,
Calm market,1046,Kalman,0.37267634450619397,0.29875733845763575,0.935
Calm market,1047,Latest price,0.9915714642175425,0.7771693294789686,
Calm market,1047,EWMA,0.43869901988869847,0.3518449172990852,
Calm market,1047,Kalman,0.41883817045192473,0.34201415279050146,0.9283333333333333
Calm market,1048,Latest price,0.9891383559757955,0.7931629475236944,
Calm market,1048,EWMA,0.3902501219279783,0.30648672932481874,
Calm market,1048,Kalman,0.39130283167676094,0.307493202910827,0.925
Calm market,1049,Latest price,0.9598216435748129,0.7536835235012095,
Calm market,1049,EWMA,0.346766722222761,0.27916840421270556,
Calm market,1049,Kalman,0.3468355656969631,0.2792659584722272,0.9666666666666667
Calm market,1050,Latest price,0.9894510927266493,0.7907681352709318,
Calm market,1050,EWMA,0.33918790250686986,0.27053181455629677,
Calm market,1050,Kalman,0.33733307883763664,0.2677780601281988,0.9733333333333334
Calm market,1051,Latest price,1.0747905172524497,0.8638970336662181,
Calm market,1051,EWMA,0.31617790069044605,0.25121837477800407,
Calm market,1051,Kalman,0.31122855511523895,0.2497666665880226,0.9933333333333333
Calm market,1052,Latest price,0.9806478805910145,0.793888734522443,
Calm market,1052,EWMA,0.3482712480291126,0.2861901032260789,
Calm market,1052,Kalman,0.35834465517656355,0.29121225917346316,0.9716666666666667
Calm market,1053,Latest price,0.9894525741904504,0.7849894715391436,
Calm market,1053,EWMA,0.4032345379838766,0.31682704260245276,
Calm market,1053,Kalman,0.3999000765612938,0.31464237601826656,0.935
Calm market,1054,Latest price,1.0303512035597264,0.8217131466753588,
Calm market,1054,EWMA,0.4218220306400496,0.33935422857285785,
Calm market,1054,Kalman,0.4191764001966771,0.3365937801796767,0.925
Calm market,1055,Latest price,0.9913963210881034,0.7867765651694426,
Calm market,1055,EWMA,0.371376433575288,0.28995114914908404,
Calm market,1055,Kalman,0.3732231404768909,0.2914811807618619,0.95
Calm market,1056,Latest price,1.0097622192888318,0.8092084361771206,
Calm market,1056,EWMA,0.3977497375036121,0.3055494134474881,
Calm market,1056,Kalman,0.3994021249673736,0.30784418968620636,0.9216666666666666
Calm market,1057,Latest price,0.970836210134076,0.7676625613027468,
Calm market,1057,EWMA,0.3732948742524573,0.29856719284655,
Calm market,1057,Kalman,0.3708135074608654,0.29570394737781686,0.9483333333333334
Calm market,1058,Latest price,1.0301366282817621,0.8111057110279838,
Calm market,1058,EWMA,0.4046611859148407,0.3233732267288734,
Calm market,1058,Kalman,0.4096014207204013,0.3274762672592134,0.9283333333333333
Calm market,1059,Latest price,1.0081954967524325,0.8066676558169305,
Calm market,1059,EWMA,0.36361686481800953,0.29320184761157553,
Calm market,1059,Kalman,0.36055001737289644,0.292724585074848,0.965
Calm market,1060,Latest price,0.9882697492012399,0.8033265021630576,
Calm market,1060,EWMA,0.3768462737671644,0.29785426545088556,
Calm market,1060,Kalman,0.3595547924424634,0.28710767016006455,0.9633333333333334
Calm market,1061,Latest price,1.037997708539521,0.837727999695247,
Calm market,1061,EWMA,0.37988152532919656,0.3008605754569824,
Calm market,1061,Kalman,0.37879801856694423,0.2993169940357313,0.9416666666666667
Calm market,1062,Latest price,0.9607445001361377,0.7657514733592306,
Calm market,1062,EWMA,0.3571100451916115,0.2909429435443263,
Calm market,1062,Kalman,0.35952749290186115,0.29313900711237106,0.965
Calm market,1063,Latest price,0.9702684041041535,0.777453200722984,
Calm market,1063,EWMA,0.34349364567126267,0.27517905072990134,
Calm market,1063,Kalman,0.34184909578854034,0.27428213052649636,0.9633333333333334
Calm market,1064,Latest price,0.9809880055806707,0.8023149758520305,
Calm market,1064,EWMA,0.3822661240426572,0.31106485896836433,
Calm market,1064,Kalman,0.3884035163552628,0.3148903982043005,0.9566666666666667
Calm market,1065,Latest price,1.0023740367082479,0.7880186953013337,
Calm market,1065,EWMA,0.3686632366607538,0.29860890174581545,
Calm market,1065,Kalman,0.36714389526861196,0.2965838920804555,0.955
Calm market,1066,Latest price,0.9963638345698483,0.7936516027469995,
Calm market,1066,EWMA,0.3390680518664531,0.26170554513099525,
Calm market,1066,Kalman,0.344936907770529,0.263686816913445,0.965
Calm market,1067,Latest price,0.9879204516813218,0.7782305318973194,
Calm market,1067,EWMA,0.3496883689332485,0.28070705300722393,
Calm market,1067,Kalman,0.3518238824780655,0.2832031042431686,0.9633333333333334
Calm market,1068,Latest price,1.006186854907144,0.8109386768986172,
Calm market,1068,EWMA,0.3317583275978636,0.27158991620233547,
Calm market,1068,Kalman,0.3289469577852066,0.2703965676882648,0.985
Calm market,1069,Latest price,1.0592670173312133,0.8222189466351761,
Calm market,1069,EWMA,0.47629910822952876,0.36194514273537837,
Calm market,1069,Kalman,0.4719825583009258,0.3589687946344192,0.8916666666666667
Calm market,1070,Latest price,0.9939317288663372,0.7935607563088823,
Calm market,1070,EWMA,0.4088335539939556,0.3253149513043231,
Calm market,1070,Kalman,0.4081073807787072,0.3243210667336598,0.94
Calm market,1071,Latest price,0.9416665441302405,0.7598105209773833,
Calm market,1071,EWMA,0.35231398005857134,0.28852265961575707,
Calm market,1071,Kalman,0.3512742056531333,0.2871854078199405,0.96
Calm market,1072,Latest price,1.0587044198277604,0.8485517742179586,
Calm market,1072,EWMA,0.4008084815215935,0.3254206475757912,
Calm market,1072,Kalman,0.39908732798297347,0.32402174969674247,0.94
Calm market,1073,Latest price,1.0064122666850235,0.7951351885573028,
Calm market,1073,EWMA,0.3695227129158233,0.2960484007505557,
Calm market,1073,Kalman,0.3716162125633939,0.29758723677646143,0.955
Calm market,1074,Latest price,1.0296292636346243,0.8245979115674652,
Calm market,1074,EWMA,0.4079521383756137,0.3251083227852349,
Calm market,1074,Kalman,0.4111268987094116,0.32882285625499513,0.9266666666666666
Calm market,1075,Latest price,1.0136570208005053,0.8098334827752152,
Calm market,1075,EWMA,0.40383587320576436,0.3250654871930076,
Calm market,1075,Kalman,0.3977614649813505,0.3196716542580891,0.95
Calm market,1076,Latest price,1.0069068985835103,0.8203576883005084,
Calm market,1076,EWMA,0.4051513831261582,0.30064761852918165,
Calm market,1076,Kalman,0.38248768228662094,0.29431925137150394,0.9533333333333334
Calm market,1077,Latest price,0.9639689885024721,0.7677830492552893,
Calm market,1077,EWMA,0.3753264408544431,0.29827286290919813,
Calm market,1077,Kalman,0.3736175241435474,0.29666902153272684,0.9383333333333334
Calm market,1078,Latest price,0.9747109469213957,0.7846770165724561,
Calm market,1078,EWMA,0.4005085847764422,0.3237464340536354,
Calm market,1078,Kalman,0.40109883021379567,0.32382419694981374,0.9333333333333333
Calm market,1079,Latest price,1.0093063660116328,0.8176260210283443,
Calm market,1079,EWMA,0.3886051939352577,0.3136749977096466,
Calm market,1079,Kalman,0.37842456235079786,0.30913110860449927,0.9533333333333334
Calm market,1080,Latest price,0.9693036507690774,0.7610991715332799,
Calm market,1080,EWMA,0.3502771371556894,0.2830977798715426,
Calm market,1080,Kalman,0.35069824881148504,0.2833413171765347,0.965
Calm market,1081,Latest price,1.025634038595633,0.8212219522724792,
Calm market,1081,EWMA,0.3809785806149955,0.30727277777362116,
Calm market,1081,Kalman,0.37769535437768653,0.3038277275943137,0.9483333333333334
Calm market,1082,Latest price,1.0249319711831666,0.8082592562619053,
Calm market,1082,EWMA,0.37387226175279403,0.29314445176062504,
Calm market,1082,Kalman,0.37488825887009264,0.29424882272202474,0.9383333333333334
Calm market,1083,Latest price,0.9677006236441393,0.7564871735059787,
Calm market,1083,EWMA,0.4184173872403435,0.29727777277031947,
Calm market,1083,Kalman,0.38628940332096995,0.2897425233233796,0.9533333333333334
Calm market,1084,Latest price,1.0279435914910078,0.8093522206392879,
Calm market,1084,EWMA,0.3778805949460557,0.29773511455914775,
Calm market,1084,Kalman,0.3807659279592353,0.29889055455910435,0.9383333333333334
Calm market,1085,Latest price,0.981289252506621,0.7797357026362074,
Calm market,1085,EWMA,0.3836214366578703,0.3007500268752041,
Calm market,1085,Kalman,0.38113615873270706,0.2974368630587164,0.9316666666666666
Calm market,1086,Latest price,1.037330388388611,0.8129030922470147,
Calm market,1086,EWMA,0.43773669855417746,0.35234309709599854,
Calm market,1086,Kalman,0.43834467723040255,0.35332543067594985,0.92
Calm market,1087,Latest price,1.0469942858759083,0.8335643008527457,
Calm market,1087,EWMA,0.39920670509575445,0.3138057227834923,
Calm market,1087,Kalman,0.38847836661877905,0.3070947332924729,0.9416666666666667
Calm market,1088,Latest price,0.9976832743896188,0.8188211212346244,
Calm market,1088,EWMA,0.36863530747809387,0.29634964572102596,
Calm market,1088,Kalman,0.36668597918656426,0.2941890691071625,0.955
Calm market,1089,Latest price,0.9870958874535403,0.7905330509333882,
Calm market,1089,EWMA,0.38831741679530124,0.305766701882204,
Calm market,1089,Kalman,0.391920274231678,0.3091705287803284,0.9283333333333333
Calm market,1090,Latest price,1.0472476567503888,0.830388304676463,
Calm market,1090,EWMA,0.45639244185621214,0.3245995870491536,
Calm market,1090,Kalman,0.3977408323338735,0.3048845927279549,0.9666666666666667
Calm market,1091,Latest price,0.9540747472313172,0.7596132586638866,
Calm market,1091,EWMA,0.409098287669119,0.3266411723593275,
Calm market,1091,Kalman,0.3989016304218588,0.31927471928007,0.9283333333333333
Calm market,1092,Latest price,1.020918630637811,0.8079697707595375,
Calm market,1092,EWMA,0.3519202450890017,0.2708914024357719,
Calm market,1092,Kalman,0.3441486544582804,0.26621614840270447,0.95
Calm market,1093,Latest price,0.998601005019762,0.798368389750031,
Calm market,1093,EWMA,0.3908819082551307,0.3116592321627909,
Calm market,1093,Kalman,0.37597377700215584,0.3012788013378809,0.9466666666666667
Calm market,1094,Latest price,1.051279314382407,0.8280703075638399,
Calm market,1094,EWMA,0.41853167085177484,0.3279107413894703,
Calm market,1094,Kalman,0.42170325838827466,0.33052948669998927,0.915
Calm market,1095,Latest price,0.9942851558860093,0.8000201668098379,
Calm market,1095,EWMA,0.39925666876257104,0.31874811799419894,
Calm market,1095,Kalman,0.39900149672518564,0.3188347376593233,0.93
Calm market,1096,Latest price,1.0175316768417633,0.8150733966335697,
Calm market,1096,EWMA,0.3595790576462991,0.2860017496372588,
Calm market,1096,Kalman,0.3600958641829934,0.28627401927759105,0.955
Calm market,1097,Latest price,0.9894547703966888,0.7859837514453059,
Calm market,1097,EWMA,0.3752829571034503,0.28924656158004286,
Calm market,1097,Kalman,0.3539679784805478,0.2801854296924719,0.965
Calm market,1098,Latest price,1.0120827501328042,0.7934781949805351,
Calm market,1098,EWMA,0.4092727420395934,0.3169232416447816,
Calm market,1098,Kalman,0.399005207854618,0.31223134464603014,0.935
Calm market,1099,Latest price,0.9719937807516441,0.7690089417871,
Calm market,1099,EWMA,0.3982042493350017,0.31121283449633513,
Calm market,1099,Kalman,0.40318114894711526,0.3152356969341838,0.9316666666666666
Noisy quotes,1000,Latest price,2.387410462380917,1.9301532380352902,
Noisy quotes,1000,EWMA,0.8191529144572791,0.6697643541067096,
Noisy quotes,1000,Kalman,0.8166318817317132,0.6645508934280215,0.865
Noisy quotes,1001,Latest price,2.4482280859913232,1.9560833085760532,
Noisy quotes,1001,EWMA,0.7751816223047598,0.6009294187377091,
Noisy quotes,1001,Kalman,0.6881919889907416,0.5676952512866122,0.9433333333333334
Noisy quotes,1002,Latest price,2.551012207600592,2.0413039779806668,
Noisy quotes,1002,EWMA,0.5997188231119801,0.471568330705526,
Noisy quotes,1002,Kalman,0.5668975045444332,0.44384122754617616,0.9566666666666667
Noisy quotes,1003,Latest price,2.459924397452926,1.9702163770013537,
Noisy quotes,1003,EWMA,0.5963476449830403,0.43179937363460963,
Noisy quotes,1003,Kalman,0.5196036838236513,0.38501913550415556,0.9783333333333334
Noisy quotes,1004,Latest price,2.5526221352244667,2.036062148790722,
Noisy quotes,1004,EWMA,0.8429625419488443,0.6123614334421508,
Noisy quotes,1004,Kalman,0.6830644754524724,0.5438188430903955,0.9216666666666666
Noisy quotes,1005,Latest price,2.4650084530462957,1.9552623848439075,
Noisy quotes,1005,EWMA,0.544911154668913,0.43139192859431197,
Noisy quotes,1005,Kalman,0.5253531482384842,0.4176071222737683,0.9783333333333334
Noisy quotes,1006,Latest price,2.4356671670123697,1.9664913132715856,
Noisy quotes,1006,EWMA,0.6922715568035636,0.510898268297167,
Noisy quotes,1006,Kalman,0.6147680114917724,0.4729443461020718,0.96
Noisy quotes,1007,Latest price,2.4023078431375415,1.9324275163345506,
Noisy quotes,1007,EWMA,0.6449244002023894,0.5076667767062787,
Noisy quotes,1007,Kalman,0.6061571816226391,0.47949213532039237,0.9416666666666667
Noisy quotes,1008,Latest price,2.5539922480532176,2.0395870230532687,
Noisy quotes,1008,EWMA,0.6504834315017123,0.5207667889592671,
Noisy quotes,1008,Kalman,0.6714578202895113,0.5259859266309449,0.935
Noisy quotes,1009,Latest price,2.3752090492466342,1.9018217790826362,
Noisy quotes,1009,EWMA,0.7705882670552617,0.6224047832672324,
Noisy quotes,1009,Kalman,0.7817123547607501,0.632179318189296,0.8833333333333333
Noisy quotes,1010,Latest price,2.5011949574761583,2.0204315187528037,
Noisy quotes,1010,EWMA,0.6135187182044022,0.4858552547357951,
Noisy quotes,1010,Kalman,0.6169952192211031,0.4814892274177108,0.945
Noisy quotes,1011,Latest price,2.627903972164948,2.102217751448539,
Noisy quotes,1011,EWMA,0.7713506451515567,0.6187485862308565,
Noisy quotes,1011,Kalman,0.6782167872294808,0.566607940209793,0.9616666666666667
Noisy quotes,1012,Latest price,2.529749791331603,2.0053573835958285,
Noisy quotes,1012,EWMA,0.626793373499082,0.5052604539679292,
Noisy quotes,1012,Kalman,0.6251123533192392,0.5111755620195841,0.9516666666666667
Noisy quotes,1013,Latest price,2.5544412900462192,2.0615353294384207,
Noisy quotes,1013,EWMA,0.7805732823728619,0.5831444358591272,
Noisy quotes,1013,Kalman,0.6962199432973211,0.5397295944189537,0.93
Noisy quotes,1014,Latest price,2.4120421659834164,1.916340471903082,
Noisy quotes,1014,EWMA,0.6885527303755179,0.5406781220802083,
Noisy quotes,1014,Kalman,0.6586783937787513,0.5122795746098903,0.92
Noisy quotes,1015,Latest price,2.470675127572067,1.9985854368050233,
Noisy quotes,1015,EWMA,0.7326852597374318,0.6047679481729201,
Noisy quotes,1015,Kalman,0.708302025835397,0.5862524767905494,0.915
Noisy quotes,1016,Latest price,2.6156635720461883,2.098142294028778,
Noisy quotes,1016,EWMA,0.4804276289495471,0.3811789013609635,
Noisy quotes,1016,Kalman,0.4949871586214705,0.39106544445994007,0.9866666666666667
Noisy quotes,1017,Latest price,2.508505392512268,1.9743118636393782,
Noisy quotes,1017,EWMA,0.6698626410499301,0.50001832235626,
Noisy quotes,1017,Kalman,0.5479555038740118,0.43038957019378177,0.9866666666666667
Noisy quotes,1018,Latest price,2.443466553379436,1.9054034015118138,
Noisy quotes,1018,EWMA,0.8240944078310759,0.5294031116753014,
Noisy quotes,1018,Kalman,0.6477568104779026,0.4596063557863395,0.9683333333333334
Noisy quotes,1019,Latest price,2.5216313321920327,2.0107311030518584,
Noisy quotes,1019,EWMA,0.5377167055211731,0.44182939565485263,
Noisy quotes,1019,Kalman,0.5089030071556605,0.42081294341801784,0.9916666666666667
Noisy quotes,1020,Latest price,2.4813833790201056,2.0154034290639324,
Noisy quotes,1020,EWMA,0.5893283525580513,0.4553408882220335,
Noisy quotes,1020,Kalman,0.5734486250651317,0.4475633646841512,0.9683333333333334
Noisy quotes,1021,Latest price,2.449314998215037,1.950458954670667,
Noisy quotes,1021,EWMA,0.8327542446861893,0.668574087690954,
Noisy quotes,1021,Kalman,0.8503174714516132,0.6877092958518336,0.82
Noisy quotes,1022,Latest price,2.5341866275907377,2.0309632722218685,
Noisy quotes,1022,EWMA,0.6150778192367928,0.4833386918257236,
Noisy quotes,1022,Kalman,0.5857657347907382,0.45290742375314447,0.945
Noisy quotes,1023,Latest price,2.4862077351707246,2.0098972353754903,
Noisy quotes,1023,EWMA,0.5872346085349895,0.46087408228230703,
Noisy quotes,1023,Kalman,0.590213312029112,0.4659118957742803,0.955
Noisy quotes,1024,Latest price,2.518671847434014,2.020109042760857,
Noisy quotes,1024,EWMA,0.7173309908397467,0.5419671374158813,
Noisy quotes,1024,Kalman,0.6745162299497698,0.5220493300819379,0.9366666666666666
Noisy quotes,1025,Latest price,2.5507880363622277,2.0196172227443387,
Noisy quotes,1025,EWMA,0.6013127041839553,0.4779120328144669,
Noisy quotes,1025,Kalman,0.5514782663552519,0.44548215900661775,0.97
Noisy quotes,1026,Latest price,2.5952684362587184,2.0556080016964224,
Noisy quotes,1026,EWMA,0.7270281436645581,0.5394388134684164,
Noisy quotes,1026,Kalman,0.6551289412375046,0.49995529297829855,0.91
Noisy quotes,1027,Latest price,2.6215521474251537,2.087209282211977,
Noisy quotes,1027,EWMA,0.6658001305981475,0.5587999944376295,
Noisy quotes,1027,Kalman,0.6645820734330659,0.5573914567933532,0.9433333333333334
Noisy quotes,1028,Latest price,2.548909437552413,2.0107144580218477,
Noisy quotes,1028,EWMA,0.6273505733587269,0.48818587656010415,
Noisy quotes,1028,Kalman,0.6748072113901812,0.5229014629100349,0.9183333333333333
Noisy quotes,1029,Latest price,2.5040703929394845,2.028334109727714,
Noisy quotes,1029,EWMA,0.6372919025438157,0.5165047337223525,
Noisy quotes,1029,Kalman,0.6113397900411076,0.49791670044747394,0.9733333333333334
Noisy quotes,1030,Latest price,2.4774008557718004,1.947216414856512,
Noisy quotes,1030,EWMA,0.6716607933758748,0.5368706889005862,
Noisy quotes,1030,Kalman,0.6628785119664587,0.523519829564277,0.92
Noisy quotes,1031,Latest price,2.5268592463423896,2.0007072072475824,
Noisy quotes,1031,EWMA,0.5438200902505163,0.4438866005832873,
Noisy quotes,1031,Kalman,0.5312628671937546,0.4383979336728196,0.9866666666666667
Noisy quotes,1032,Latest price,2.5357119889221145,2.041104450217601,
Noisy quotes,1032,EWMA,0.6309729786066756,0.5227112540790857,
Noisy quotes,1032,Kalman,0.6337772547669549,0.5243095535801023,0.9416666666666667
Noisy quotes,1033,Latest price,2.3991542342366468,1.9138994197610197,
Noisy quotes,1033,EWMA,0.6063002249182418,0.49698984561179654,
Noisy quotes,1033,Kalman,0.5768135586457029,0.467920869645006,0.9766666666666667
Noisy quotes,1034,Latest price,2.498325404213071,1.9759293918640906,
Noisy quotes,1034,EWMA,0.6073610722150331,0.48481506820007875,
Noisy quotes,1034,Kalman,0.6205326514924626,0.4906392571662603,0.9516666666666667
Noisy quotes,1035,Latest price,2.6952043021097314,2.1646710971642955,
Noisy quotes,1035,EWMA,0.48281594997108185,0.39238612984496846,
Noisy quotes,1035,Kalman,0.4710385486982127,0.37892150140567027,0.9933333333333333
Noisy quotes,1036,Latest price,2.5360154672123545,2.032283271786766,
Noisy quotes,1036,EWMA,0.8304644451143439,0.6291950810233529,
Noisy quotes,1036,Kalman,0.7194871866223819,0.5690965953117829,0.905
Noisy quotes,1037,Latest price,2.50000443546964,1.9845473893579375,
Noisy quotes,1037,EWMA,0.699390506451253,0.5400529567771691,
Noisy quotes,1037,Kalman,0.7120647047605044,0.5450487235994885,0.8883333333333333
Noisy quotes,1038,Latest price,2.46850966361812,1.9777413295169086,
Noisy quotes,1038,EWMA,0.768343865073447,0.534626777972837,
Noisy quotes,1038,Kalman,0.6603652887602169,0.5057079467204831,0.9416666666666667
Noisy quotes,1039,Latest price,2.438903084613507,1.9442563102606698,
Noisy quotes,1039,EWMA,0.5429176845188544,0.43257816082915873,
Noisy quotes,1039,Kalman,0.5433872990845036,0.43755370268705407,0.9766666666666667
Noisy quotes,1040,Latest price,2.4503300632495346,1.9362745172560358,
Noisy quotes,1040,EWMA,0.6713389825270205,0.5355362146456486,
Noisy quotes,1040,Kalman,0.6549127133638883,0.5215356013951213,0.9366666666666666
Noisy quotes,1041,Latest price,2.647262037147163,2.082465755713753,
Noisy quotes,1041,EWMA,1.0653186755801354,0.7017368231949959,
Noisy quotes,1041,Kalman,0.7860134799124561,0.5778936650312545,0.895
Noisy quotes,1042,Latest price,2.42170286561067,1.9430372339336925,
Noisy quotes,1042,EWMA,0.6124021369471446,0.5017403867746857,
Noisy quotes,1042,Kalman,0.613573390352108,0.504084936947304,0.9683333333333334
Noisy quotes,1043,Latest price,2.5115488931155454,2.0300192740974823,
Noisy quotes,1043,EWMA,0.7227421617861832,0.5739465034242225,
Noisy quotes,1043,Kalman,0.7089232411821604,0.5596853040022743,0.915
Noisy quotes,1044,Latest price,2.6393216725287343,2.1006743349396713,
Noisy quotes,1044,EWMA,1.0689458192954233,0.6712092643696344,
Noisy quotes,1044,Kalman,0.7517128082964408,0.533992599667371,0.9233333333333333
Noisy quotes,1045,Latest price,2.6272465695500955,2.08160733160491,
Noisy quotes,1045,EWMA,0.8305079980915344,0.6226264384375101,
Noisy quotes,1045,Kalman,0.6766482334086198,0.5309873784704852,0.9283333333333333
Noisy quotes,1046,Latest price,2.4292569597246434,1.948631436088009,
Noisy quotes,1046,EWMA,0.6590650579240334,0.5422064530207822,
Noisy quotes,1046,Kalman,0.6746603044272295,0.5588994754934408,0.92
Noisy quotes,1047,Latest price,2.478928660543857,1.9429233236974213,
Noisy quotes,1047,EWMA,0.8763010376199092,0.6652772700051833,
Noisy quotes,1047,Kalman,0.7320424666138613,0.5958411370116572,0.9316666666666666
Noisy quotes,1048,Latest price,2.472845889939489,1.9829073688092365,
Noisy quotes,1048,EWMA,0.6761199732505923,0.5459606118807075,
Noisy quotes,1048,Kalman,0.6758409569300579,0.5389117043004298,0.9083333333333333
Noisy quotes,1049,Latest price,2.3995541089370316,1.8842088087530238,
Noisy quotes,1049,EWMA,0.5594674092296443,0.4564033421232441,
Noisy quotes,1049,Kalman,0.5490168009795345,0.4499836861058324,0.985
Noisy quotes,1050,Latest price,2.4736277318166233,1.9769203381773297,
Noisy quotes,1050,EWMA,0.5332317435645502,0.4208416142436286,
Noisy quotes,1050,Kalman,0.49721276721777,0.38843351136936616,0.985
Noisy quotes,1051,Latest price,2.686976293131124,2.1597425841655444,
Noisy quotes,1051,EWMA,0.5732417121224684,0.4140325722025807,
Noisy quotes,1051,Kalman,0.49284162548291804,0.3828501267775158,1.0
Noisy quotes,1052,Latest price,2.451619701477536,1.9847218363061079,
Noisy quotes,1052,EWMA,0.5550353845387641,0.4485671170002462,
Noisy quotes,1052,Kalman,0.6107806530494568,0.46731351135645016,0.9766666666666667
Noisy quotes,1053,Latest price,2.4736314354761255,1.9624736788478583,
Noisy quotes,1053,EWMA,0.7529765683397338,0.5950378114843892,
Noisy quotes,1053,Kalman,0.7387853549633804,0.5968217366825022,0.915
Noisy quotes,1054,Latest price,2.5758780088993163,2.054282866688397,
Noisy quotes,1054,EWMA,0.7711359634007262,0.6180610580019311,
Noisy quotes,1054,Kalman,0.7564407350969395,0.6063343304576743,0.8633333333333333
Noisy quotes,1055,Latest price,2.478490802720259,1.9669414129236074,
Noisy quotes,1055,EWMA,0.5677222313060205,0.4503351185376894,
Noisy quotes,1055,Kalman,0.5635244757782673,0.44523970025714477,0.965
Noisy quotes,1056,Latest price,2.524405548222079,2.023021090442801,
Noisy quotes,1056,EWMA,0.673018925771676,0.5070850158509197,
Noisy quotes,1056,Kalman,0.6758417540113922,0.5143951264038275,0.8916666666666667
Noisy quotes,1057,Latest price,2.42709052533519,1.9191564032568673,
Noisy quotes,1057,EWMA,0.6208913055065874,0.5015888964670175,
Noisy quotes,1057,Kalman,0.6113935019399341,0.48615753945920576,0.9416666666666667
Noisy quotes,1058,Latest price,2.575341570704405,2.0277642775699594,
Noisy quotes,1058,EWMA,0.6301256804565951,0.4951248114783848,
Noisy quotes,1058,Kalman,0.634000100444745,0.4903218260160196,0.9333333333333333
Noisy quotes,1059,Latest price,2.5204887418810813,2.0166691395423264,
Noisy quotes,1059,EWMA,0.6625371098359485,0.5119307909957368,
Noisy quotes,1059,Kalman,0.6328831083648541,0.5052000260098378,0.95
Noisy quotes,1060,Latest price,2.4706743730030998,2.0083162554076437,
Noisy quotes,1060,EWMA,0.6923543498110846,0.5215104185521411,
Noisy quotes,1060,Kalman,0.5873648332156313,0.46937493407226666,0.9733333333333334
Noisy quotes,1061,Latest price,2.594994271348802,2.0943199992381176,
Noisy quotes,1061,EWMA,0.6417065824293214,0.5072573794470466,
Noisy quotes,1061,Kalman,0.6197279427943087,0.4878398018153776,0.9466666666666667
Noisy quotes,1062,Latest price,2.4018612503403447,1.9143786833980774,
Noisy quotes,1062,EWMA,0.5654252260186349,0.4593604915055113,
Noisy quotes,1062,Kalman,0.5609582377492196,0.453782725526108,0.9766666666666667
Noisy quotes,1063,Latest price,2.425671010260384,1.94363300180746,
Noisy quotes,1063,EWMA,0.622115039877133,0.4871116411298656,
Noisy quotes,1063,Kalman,0.6005744276439682,0.468918224827681,0.9516666666666667
Noisy quotes,1064,Latest price,2.4524700139516775,2.0057874396300766,
Noisy quotes,1064,EWMA,0.6339161501689864,0.5266267054104795,
Noisy quotes,1064,Kalman,0.6832909742184635,0.5619310564143934,0.9566666666666667
Noisy quotes,1065,Latest price,2.505935091770619,1.9700467382533338,
Noisy quotes,1065,EWMA,0.5882391291978669,0.48862291275431335,
Noisy quotes,1065,Kalman,0.5701462683332216,0.4792386333076924,0.9783333333333334
Noisy quotes,1066,Latest price,2.4909095864246207,1.9841290068674993,
Noisy quotes,1066,EWMA,0.5507820191015713,0.41498007124131014,
Noisy quotes,1066,Kalman,0.5573376752552737,0.4040289146261573,0.96
Noisy quotes,1067,Latest price,2.469801129203305,1.945576329743298,
Noisy quotes,1067,EWMA,0.564025722288511,0.45864788986314875,
Noisy quotes,1067,Kalman,0.5637872524224588,0.4569205539504147,0.9766666666666667
Noisy quotes,1068,Latest price,2.5154671372678608,2.0273466922465433,
Noisy quotes,1068,EWMA,0.5735310609807481,0.463289382272842,
Noisy quotes,1068,Kalman,0.5208650011451522,0.42873030288952824,0.9983333333333333
Noisy quotes,1069,Latest price,2.6481675433280327,2.0555473665879407,
Noisy quotes,1069,EWMA,0.950335108245617,0.6906222592881739,
Noisy quotes,1069,Kalman,0.8829615149344453,0.6533222581121011,0.875
Noisy quotes,1070,Latest price,2.484829322165843,1.9839018907722055,
Noisy quotes,1070,EWMA,0.7366951959258283,0.5582114843354695,
Noisy quotes,1070,Kalman,0.7119341595354425,0.5446440971374512,0.9366666666666666
Noisy quotes,1071,Latest price,2.354166360325601,1.8995263024434579,
Noisy quotes,1071,EWMA,0.5811913049154912,0.47287532771857266,
Noisy quotes,1071,Kalman,0.5399859006571034,0.44010090017422043,0.9933333333333333
Noisy quotes,1072,Latest price,2.6467610495694007,2.121379435544896,
Noisy quotes,1072,EWMA,0.6646091480698438,0.541639289741003,
Noisy quotes,1072,Kalman,0.6278989634312325,0.5128227571644357,0.9583333333333334
Noisy quotes,1073,Latest price,2.516030666712558,1.9878379713932561,
Noisy quotes,1073,EWMA,0.5909659928827964,0.4738171989204331,
Noisy quotes,1073,Kalman,0.5990075105499517,0.4798091968738348,0.95
Noisy quotes,1074,Latest price,2.5740731590865606,2.0614947789186635,
Noisy quotes,1074,EWMA,0.7030128104267803,0.562794121433657,
Noisy quotes,1074,Kalman,0.7226519348931735,0.5901607574393202,0.9133333333333333
Noisy quotes,1075,Latest price,2.5341425520012635,2.0245837069380377,
Noisy quotes,1075,EWMA,0.7751130867822016,0.6122069022984337,
Noisy quotes,1075,Kalman,0.7035535201682529,0.5722980823652718,0.9333333333333333
Noisy quotes,1076,Latest price,2.517267246458776,2.0508942207512706,
Noisy quotes,1076,EWMA,0.8071635417543628,0.5080588687931299,
Noisy quotes,1076,Kalman,0.6184623395595797,0.4525226771298064,0.9683333333333334
Noisy quotes,1077,Latest price,2.40992247125618,1.9194576231382228,
Noisy quotes,1077,EWMA,0.6530292672959073,0.5314751398621741,
Noisy quotes,1077,Kalman,0.6446064440033856,0.5322580778907416,0.935
Noisy quotes,1078,Latest price,2.4367773673034896,1.9616925414311406,
Noisy quotes,1078,EWMA,0.65044994567804,0.5169012882157299,
Noisy quotes,1078,Kalman,0.6237932582226372,0.49905828765089383,0.9433333333333334
Noisy quotes,1079,Latest price,2.523265915029082,2.0440650525708604,
Noisy quotes,1079,EWMA,0.6798540898948069,0.522591278067648,
Noisy quotes,1079,Kalman,0.5791417930855047,0.46074168868224946,0.9766666666666667
Noisy quotes,1080,Latest price,2.4232591269226935,1.9027479288331994,
Noisy quotes,1080,EWMA,0.5631747412438974,0.45598886454067933,
Noisy quotes,1080,Kalman,0.5525650838121013,0.44638320024027933,0.97
Noisy quotes,1081,Latest price,2.564085096489082,2.0530548806811977,
Noisy quotes,1081,EWMA,0.6669280050284507,0.541583368440812,
Noisy quotes,1081,Kalman,0.645950261269965,0.5219327475322104,0.9183333333333333
Noisy quotes,1082,Latest price,2.562329927957916,2.020648140654763,
Noisy quotes,1082,EWMA,0.6248414346163943,0.49217032386705967,
Noisy quotes,1082,Kalman,0.5870032813730186,0.46041401087366296,0.9533333333333334
Noisy quotes,1083,Latest price,2.4192515591103487,1.8912179337649468,
Noisy quotes,1083,EWMA,0.9211608694809768,0.5075277822143976,
Noisy quotes,1083,Kalman,0.679116690881321,0.4276265295456905,0.9566666666666667
Noisy quotes,1084,Latest price,2.56985897872752,2.0233805515982204,
Noisy quotes,1084,EWMA,0.6552436766417907,0.5387722051702452,
Noisy quotes,1084,Kalman,0.6628526718082995,0.5479700948001377,0.9533333333333334
Noisy quotes,1085,Latest price,2.4532231312665522,1.949339256590518,
Noisy quotes,1085,EWMA,0.6364997864282509,0.5033397997851047,
Noisy quotes,1085,Kalman,0.6133626682035372,0.47954903316809044,0.93
Noisy quotes,1086,Latest price,2.593325970971527,2.032257730617536,
Noisy quotes,1086,EWMA,0.7478862427152545,0.6067189962901656,
Noisy quotes,1086,Kalman,0.7416653561590998,0.609304742355129,0.8866666666666667
Noisy quotes,1087,Latest price,2.6174857146897708,2.083910752131864,
Noisy quotes,1087,EWMA,0.731810317318759,0.5400961159022731,
Noisy quotes,1087,Kalman,0.6182004144878077,0.47550736285057194,0.9433333333333334
Noisy quotes,1088,Latest price,2.494208185974046,2.0470528030865607,
Noisy quotes,1088,EWMA,0.586362011436337,0.46958448694661276,
Noisy quotes,1088,Kalman,0.5599281176615964,0.4499864481533669,0.9666666666666667
Noisy quotes,1089,Latest price,2.467739718633851,1.9763326273334705,
Noisy quotes,1089,EWMA,0.6445197711145788,0.5066860906845673,
Noisy quotes,1089,Kalman,0.6679904288481447,0.5233495185975728,0.915
Noisy quotes,1090,Latest price,2.6181191418759715,2.0759707616911576,
Noisy quotes,1090,EWMA,1.1311204324224637,0.6426815320751914,
Noisy quotes,1090,Kalman,0.7189602871152,0.5078832214760043,0.98
Noisy quotes,1091,Latest price,2.3851868680782937,1.8990331466597168,
Noisy quotes,1091,EWMA,0.754189864438079,0.576331808234375,
Noisy quotes,1091,Kalman,0.6573205196367504,0.5203082127682682,0.935
Noisy quotes,1092,Latest price,2.5522965765945282,2.019924426898844,
Noisy quotes,1092,EWMA,0.6032971392441834,0.4340149953268981,
Noisy quotes,1092,Kalman,0.5276128740501331,0.399531317313938,0.9783333333333334
Noisy quotes,1093,Latest price,2.4965025125494047,1.9959209743750774,
Noisy quotes,1093,EWMA,0.753270008352964,0.5698731021875997,
Noisy quotes,1093,Kalman,0.6360463793383511,0.5111479563202548,0.9466666666666667
Noisy quotes,1094,Latest price,2.628198285956017,2.0701757689095994,
Noisy quotes,1094,EWMA,0.7377841483606621,0.5829221723537734,
Noisy quotes,1094,Kalman,0.752849435634941,0.5922217310439554,0.8866666666666667
Noisy quotes,1095,Latest price,2.4857128897150234,2.0000504170245947,
Noisy quotes,1095,EWMA,0.6990616037624745,0.5512608426491403,
Noisy quotes,1095,Kalman,0.7314664079364589,0.5769718149759605,0.865
Noisy quotes,1096,Latest price,2.5438291921044085,2.0376834915839246,
Noisy quotes,1096,EWMA,0.6144691435949907,0.4960902431642646,
Noisy quotes,1096,Kalman,0.6048500530622158,0.48615405645875703,0.9633333333333334
Noisy quotes,1097,Latest price,2.4736369259917224,1.9649593786132649,
Noisy quotes,1097,EWMA,0.7196389293251937,0.48461600343889943,
Noisy quotes,1097,Kalman,0.5688418073018868,0.42581269300479,0.98
Noisy quotes,1098,Latest price,2.53020687533201,1.983695487451337,
Noisy quotes,1098,EWMA,0.7659657498425757,0.565243231224315,
Noisy quotes,1098,Kalman,0.6931028029807766,0.5354289464120245,0.9116666666666666
Noisy quotes,1099,Latest price,2.4299844518791107,1.9225223544677505,
Noisy quotes,1099,EWMA,0.6823086534244749,0.5247567151378073,
Noisy quotes,1099,Kalman,0.7094906202539859,0.5392551648718886,0.9133333333333333
Sudden jump,1000,Latest price,0.954964184952367,0.772061295214116,
Sudden jump,1000,EWMA,0.5155805617602278,0.3771846167237942,
Sudden jump,1000,Kalman,0.5855312830852815,0.40985639819393743,0.8883333333333333
Sudden jump,1001,Latest price,0.979291234396529,0.782433323430421,
Sudden jump,1001,EWMA,0.47994982476176234,0.3532543985753688,
Sudden jump,1001,Kalman,0.4903825891295504,0.33703970104999514,0.945
Sudden jump,1002,Latest price,1.0204048830402368,0.8165215911922665,
Sudden jump,1002,EWMA,0.44104179711521063,0.3281985052151579,
Sudden jump,1002,Kalman,0.46612265586903373,0.31397318326087575,0.94
Sudden jump,1003,Latest price,0.9839697589811707,0.7880865508005418,
Sudden jump,1003,EWMA,0.5129445611737246,0.3475134349993602,
Sudden jump,1003,Kalman,0.5430340788867786,0.32122462844720356,0.955
Sudden jump,1004,Latest price,1.021048854089787,0.814424859516289,
Sudden jump,1004,EWMA,0.5265800653521477,0.35799723994917554,
Sudden jump,1004,Kalman,0.5790648454288868,0.359620809236534,0.94
Sudden jump,1005,Latest price,0.986003381218518,0.7821049539375627,
Sudden jump,1005,EWMA,0.4621611259509354,0.32787838058317326,
Sudden jump,1005,Kalman,0.5004773983229241,0.3155081715409264,0.955
Sudden jump,1006,Latest price,0.9742668668049477,0.7865965253086341,
Sudden jump,1006,EWMA,0.4993033927918826,0.34703382391394605,
Sudden jump,1006,Kalman,0.5328028636128757,0.3489358180606077,0.9216666666666666
Sudden jump,1007,Latest price,0.9609231372550164,0.77297100653382,
Sudden jump,1007,EWMA,0.4330452823614127,0.3290886353018212,
Sudden jump,1007,Kalman,0.4304944755535919,0.3089899320144804,0.9433333333333334
Sudden jump,1008,Latest price,1.021596899221287,0.8158348092213074,
Sudden jump,1008,EWMA,0.4767622539129602,0.3376332237032312,
Sudden jump,1008,Kalman,0.5165046685861828,0.34029927743385213,0.9333333333333333
Sudden jump,1009,Latest price,0.9500836196986535,0.7607287116330544,
Sudden jump,1009,EWMA,0.4866312249506304,0.3732754433050558,
Sudden jump,1009,Kalman,0.531128171984103,0.3815948671704943,0.895
Sudden jump,1010,Latest price,1.0004779829904633,0.8081726075011215,
Sudden jump,1010,EWMA,0.4651257981107056,0.33568383051210776,
Sudden jump,1010,Kalman,0.5183448769401695,0.3478474857416863,0.9183333333333333
Sudden jump,1011,Latest price,1.0511615888659793,0.8408871005794154,
Sudden jump,1011,EWMA,0.5195272956082289,0.3875080838804164,
Sudden jump,1011,Kalman,0.522531018492999,0.37686730965696974,0.9083333333333333
Sudden jump,1012,Latest price,1.0118999165326412,0.8021429534383314,
Sudden jump,1012,EWMA,0.49348744730171,0.34110632435743354,
Sudden jump,1012,Kalman,0.5291304559538182,0.34031231786163657,0.925
Sudden jump,1013,Latest price,1.0217765160184875,0.8246141317753684,
Sudden jump,1013,EWMA,0.5023946706494394,0.365296447236794,
Sudden jump,1013,Kalman,0.5357707298281426,0.3678281546133846,0.905
Sudden jump,1014,Latest price,0.9648168663933664,0.7665361887612328,
Sudden jump,1014,EWMA,0.4548543661891909,0.34103707129871985,
Sudden jump,1014,Kalman,0.4607436114414915,0.32399898747321737,0.9433333333333334
Sudden jump,1015,Latest price,0.988270051028827,0.7994341747220096,
Sudden jump,1015,EWMA,0.5307531768059425,0.37345106274106493,
Sudden jump,1015,Kalman,0.5860179282388922,0.3861759654611533,0.9066666666666666
Sudden jump,1016,Latest price,1.0462654288184754,0.8392569176115113,
Sudden jump,1016,EWMA,0.4150936870639901,0.2954043606811955,
Sudden jump,1016,Kalman,0.45040611720546075,0.2881464464430365,0.95
Sudden jump,1017,Latest price,1.0034021570049072,0.7897247454557516,
Sudden jump,1017,EWMA,0.5026718823340782,0.3519184501648247,
Sudden jump,1017,Kalman,0.5255585111706952,0.33474159744708837,0.95
Sudden jump,1018,Latest price,0.9773866213517745,0.7621613606047255,
Sudden jump,1018,EWMA,0.5030617823318507,0.34014721460984115,
Sudden jump,1018,Kalman,0.5372793412492839,0.33360744972375567,0.94
Sudden jump,1019,Latest price,1.0086525328768132,0.8042924412207436,
Sudden jump,1019,EWMA,0.4761028882446066,0.34090867183085505,
Sudden jump,1019,Kalman,0.49765393403297514,0.32795106598591095,0.9416666666666667
Sudden jump,1020,Latest price,0.9925533516080425,0.8061613716255733,
Sudden jump,1020,EWMA,0.48203029423050275,0.32759708235245927,
Sudden jump,1020,Kalman,0.5251737080964357,0.32189397678102283,0.94
Sudden jump,1021,Latest price,0.9797259992860151,0.7801835818682671,
Sudden jump,1021,EWMA,0.51949505581348,0.38399432868228967,
Sudden jump,1021,Kalman,0.5752055528146764,0.4100210574813995,0.8866666666666667
Sudden jump,1022,Latest price,1.0136746510362946,0.812385308888747,
Sudden jump,1022,EWMA,0.4999432078631211,0.35026555882374805,
Sudden jump,1022,Kalman,0.5574789155490801,0.3448754080738004,0.9266666666666666
Sudden jump,1023,Latest price,0.9944830940682898,0.803958894150196,
Sudden jump,1023,EWMA,0.491245513688275,0.3295503792691913,
Sudden jump,1023,Kalman,0.5412518611290248,0.33150318947107316,0.9333333333333333
Sudden jump,1024,Latest price,1.0074687389736057,0.8080436171043429,
Sudden jump,1024,EWMA,0.47070324604834957,0.3516991368099918,
Sudden jump,1024,Kalman,0.5063498696858303,0.34865140297224484,0.905
Sudden jump,1025,Latest price,1.020315214544891,0.8078468890977354,
Sudden jump,1025,EWMA,0.47623258598725826,0.3381783861321354,
Sudden jump,1025,Kalman,0.5229457777200139,0.3319775874330629,0.94
Sudden jump,1026,Latest price,1.0381073745034872,0.822243200678569,
Sudden jump,1026,EWMA,0.48265586256143606,0.3587575318983265,
Sudden jump,1026,Kalman,0.5058096396809622,0.35701315669921113,0.9133333333333333
Sudden jump,1027,Latest price,1.0486208589700616,0.834883712884791,
Sudden jump,1027,EWMA,0.46884370136483755,0.363732636943943,
Sudden jump,1027,Kalman,0.49239806507156925,0.3610393314151706,0.895
Sudden jump,1028,Latest price,1.0195637750209656,0.8042857832087394,
Sudden jump,1028,EWMA,0.4757619368949215,0.3484821725407333,
Sudden jump,1028,Kalman,0.5102415757968507,0.3496148163608326,0.9
Sudden jump,1029,Latest price,1.001628157175794,0.8113336438910854,
Sudden jump,1029,EWMA,0.489997768216013,0.322906636604589,
Sudden jump,1029,Kalman,0.5507494087279793,0.3362261367350043,0.94
Sudden jump,1030,Latest price,0.9909603423087204,0.7788865659426049,
Sudden jump,1030,EWMA,0.48492338121143885,0.3503041404188618,
Sudden jump,1030,Kalman,0.546402680409808,0.35837194959291874,0.925
Sudden jump,1031,Latest price,1.0107436985369558,0.8002828828990328,
Sudden jump,1031,EWMA,0.4525972201213685,0.3180879619702256,
Sudden jump,1031,Kalman,0.4802504558207788,0.3094407998292497,0.945
Sudden jump,1032,Latest price,1.0142847955688459,0.81644178008704,
Sudden jump,1032,EWMA,0.5085666422850762,0.35664545162189815,
Sudden jump,1032,Kalman,0.5526786131241582,0.3686540234770382,0.9183333333333333
Sudden jump,1033,Latest price,0.9596616936946589,0.765559767904408,
Sudden jump,1033,EWMA,0.4438111315355508,0.3297335727868485,
Sudden jump,1033,Kalman,0.4820962417997883,0.3318906484103801,0.945
Sudden jump,1034,Latest price,0.9993301616852285,0.7903717567456362,
Sudden jump,1034,EWMA,0.451906769813516,0.31763061681090154,
Sudden jump,1034,Kalman,0.49964002294222054,0.3292927579663804,0.945
Sudden jump,1035,Latest price,1.0780817208438926,0.8658684388657188,
Sudden jump,1035,EWMA,0.4514741002307535,0.33271610463124884,
Sudden jump,1035,Kalman,0.4754655620631312,0.31497559282693044,0.9516666666666667
Sudden jump,1036,Latest price,1.0144061868849419,0.8129133087147062,
Sudden jump,1036,EWMA,0.5239007875443104,0.37136330711042653,
Sudden jump,1036,Kalman,0.5559274458328525,0.35955107518263657,0.9133333333333333
Sudden jump,1037,Latest price,1.0000017741878557,0.7938189557431747,
Sudden jump,1037,EWMA,0.46563198837889425,0.3458671790963341,
Sudden jump,1037,Kalman,0.5161836098584871,0.3558665647432062,0.9033333333333333
Sudden jump,1038,Latest price,0.9874038654472482,0.7910965318067638,
Sudden jump,1038,EWMA,0.47377821354524063,0.33972404506675247,
Sudden jump,1038,Kalman,0.498121279359205,0.3321731607243938,0.925
Sudden jump,1039,Latest price,0.9755612338454029,0.7777025241042681,
Sudden jump,1039,EWMA,0.4430310541051329,0.3162116352717838,
Sudden jump,1039,Kalman,0.4904026312907037,0.32247454214774524,0.925
Sudden jump,1040,Latest price,0.9801320252998137,0.7745098069024142,
Sudden jump,1040,EWMA,0.47730270927952384,0.34946763131573355,
Sudden jump,1040,Kalman,0.5147660223576802,0.3536546677895766,0.905
Sudden jump,1041,Latest price,1.0589048148588651,0.8329863022855011,
Sudden jump,1041,EWMA,0.5377198431013787,0.3728240761044966,
Sudden jump,1041,Kalman,0.5732574813533441,0.36896066853615744,0.8983333333333333
Sudden jump,1042,Latest price,0.9686811462442682,0.777214893573477,
Sudden jump,1042,EWMA,0.46846140793047086,0.33563439270645495,
Sudden jump,1042,Kalman,0.5088339296178328,0.3392805826076288,0.9383333333333334
Sudden jump,1043,Latest price,1.0046195572462187,0.812007709638993,
Sudden jump,1043,EWMA,0.4621276962582018,0.3420974224579329,
Sudden jump,1043,Kalman,0.4816887506605132,0.3304689566417853,0.9216666666666666
Sudden jump,1044,Latest price,1.0557286690114933,0.8402697339758685,
Sudden jump,1044,EWMA,0.569231173904408,0.39713549419910665,
Sudden jump,1044,Kalman,0.5843963928341551,0.388373222779485,0.885
Sudden jump,1045,Latest price,1.0508986278200385,0.8326429326419643,
Sudden jump,1045,EWMA,0.5034522966511209,0.3689947754724833,
Sudden jump,1045,Kalman,0.5392761831081915,0.3687147916434556,0.915
Sudden jump,1046,Latest price,0.9717027838898572,0.7794525744352034,
Sudden jump,1046,EWMA,0.43353557060473763,0.3242729020620168,
Sudden jump,1046,Kalman,0.46634877164269345,0.31935417639856906,0.9266666666666666
Sudden jump,1047,Latest price,0.9915714642175425,0.7771693294789686,
Sudden jump,1047,EWMA,0.5137144614963968,0.3804925196353383,
Sudden jump,1047,Kalman,0.5547730562497679,0.3904775700924246,0.9016666666666666
Sudden jump,1048,Latest price,0.9891383559757955,0.7931629475236944,
Sudden jump,1048,EWMA,0.5244952634582329,0.3592401056278878,
Sudden jump,1048,Kalman,0.5782373527009212,0.3574064634652533,0.9083333333333333
Sudden jump,1049,Latest price,0.9598216435748129,0.7536835235012095,
Sudden jump,1049,EWMA,0.42506236905003303,0.3142638841876434,
Sudden jump,1049,Kalman,0.4439457822532915,0.30201516383209326,0.95
Sudden jump,1050,Latest price,0.9894510927266493,0.7907681352709318,
Sudden jump,1050,EWMA,0.4708278420529479,0.32675620899193936,
Sudden jump,1050,Kalman,0.49828038720536283,0.3052881892275641,0.955
Sudden jump,1051,Latest price,1.0747905172524497,0.8638970336662181,
Sudden jump,1051,EWMA,0.4405255179053959,0.31708605742265983,
Sudden jump,1051,Kalman,0.4656950805994877,0.2930084353655097,0.97
Sudden jump,1052,Latest price,0.9806478805910145,0.793888734522443,
Sudden jump,1052,EWMA,0.4632508907293735,0.33754100310272994,
Sudden jump,1052,Kalman,0.4880738547561168,0.3340543450831232,0.9533333333333334
Sudden jump,1053,Latest price,0.9894525741904504,0.7849894715391436,
Sudden jump,1053,EWMA,0.5206723511767777,0.3514643122882935,
Sudden jump,1053,Kalman,0.572812855661073,0.3661837304131989,0.9083333333333333
Sudden jump,1054,Latest price,1.0303512035597264,0.8217131466753588,
Sudden jump,1054,EWMA,0.560000427576828,0.39613845407416987,
Sudden jump,1054,Kalman,0.6092906623457448,0.3879637853834167,0.895
Sudden jump,1055,Latest price,0.9913963210881034,0.7867765651694426,
Sudden jump,1055,EWMA,0.48643605028658304,0.3518491063211231,
Sudden jump,1055,Kalman,0.4978201354686467,0.32011845863975974,0.9316666666666666
Sudden jump,1056,Latest price,1.0097622192888318,0.8092084361771206,
Sudden jump,1056,EWMA,0.4851939938311925,0.3498571679799926,
Sudden jump,1056,Kalman,0.514057731230786,0.34458534574219146,0.9066666666666666
Sudden jump,1057,Latest price,0.970836210134076,0.7676625613027468,
Sudden jump,1057,EWMA,0.43091455100147763,0.3261998341661765,
Sudden jump,1057,Kalman,0.4374517507547567,0.3107135476027226,0.9466666666666667
Sudden jump,1058,Latest price,1.0301366282817621,0.8111057110279838,
Sudden jump,1058,EWMA,0.5186989672149266,0.3741113705083966,
Sudden jump,1058,Kalman,0.5727529456732185,0.37453564421603697,0.9033333333333333
Sudden jump,1059,Latest price,1.0081954967524325,0.8066676558169305,
Sudden jump,1059,EWMA,0.46131109744296256,0.3433762037293386,
Sudden jump,1059,Kalman,0.4874779407944749,0.3350051914334079,0.94
Sudden jump,1060,Latest price,0.9882697492012399,0.8033265021630576,
Sudden jump,1060,EWMA,0.47595122583218447,0.3231192781689178,
Sudden jump,1060,Kalman,0.5361828441094829,0.3312262427377301,0.9483333333333334
Sudden jump,1061,Latest price,1.037997708539521,0.837727999695247,
Sudden jump,1061,EWMA,0.5055034802809693,0.3568278644869451,
Sudden jump,1061,Kalman,0.5468476019081211,0.33830408985317195,0.9283333333333333
Sudden jump,1062,Latest price,0.9607445001361377,0.7657514733592306,
Sudden jump,1062,EWMA,0.47098234132541306,0.33291022120947666,
Sudden jump,1062,Kalman,0.510777043077954,0.33758250496823117,0.9433333333333334
Sudden jump,1063,Latest price,0.9702684041041535,0.777453200722984,
Sudden jump,1063,EWMA,0.40597503629405685,0.3000234033512524,
Sudden jump,1063,Kalman,0.41766954591421335,0.2905940840412825,0.955
Sudden jump,1064,Latest price,0.9809880055806707,0.8023149758520305,
Sudden jump,1064,EWMA,0.4797034607877607,0.34372009560521827,
Sudden jump,1064,Kalman,0.5337245746084064,0.36458079964264767,0.93
Sudden jump,1065,Latest price,1.0023740367082479,0.7880186953013337,
Sudden jump,1065,EWMA,0.4474945632009241,0.3233982765271129,
Sudden jump,1065,Kalman,0.4630466582175451,0.32321620741705703,0.9416666666666667
Sudden jump,1066,Latest price,0.9963638345698483,0.7936516027469995,
Sudden jump,1066,EWMA,0.4070782441790199,0.2999179240459984,
Sudden jump,1066,Kalman,0.4066537958039721,0.27417431274924325,0.965
Sudden jump,1067,Latest price,0.9879204516813218,0.7782305318973194,
Sudden jump,1067,EWMA,0.46443280400050546,0.33266210552104286,
Sudden jump,1067,Kalman,0.5109695258510832,0.33400427266466387,0.9383333333333334
Sudden jump,1068,Latest price,1.006186854907144,0.8109386768986172,
Sudden jump,1068,EWMA,0.4428005980635576,0.31790585029495366,
Sudden jump,1068,Kalman,0.46244058020085665,0.3037656637953567,0.9683333333333334
Sudden jump,1069,Latest price,1.0592670173312133,0.8222189466351761,
Sudden jump,1069,EWMA,0.522798214502844,0.3862494692105599,
Sudden jump,1069,Kalman,0.5802681601031746,0.39970120554062694,0.87
Sudden jump,1070,Latest price,0.9939317288663372,0.7935607563088823,
Sudden jump,1070,EWMA,0.49063901041257285,0.3521040351119823,
Sudden jump,1070,Kalman,0.5303724408410708,0.36806917649203275,0.9166666666666666
Sudden jump,1071,Latest price,0.9416665441302405,0.7598105209773833,
Sudden jump,1071,EWMA,0.43774434999552575,0.31812479688401946,
Sudden jump,1071,Kalman,0.4982205541757909,0.3320038683082215,0.9366666666666666
Sudden jump,1072,Latest price,1.0587044198277604,0.8485517742179586,
Sudden jump,1072,EWMA,0.5032346966447672,0.3761082555037223,
Sudden jump,1072,Kalman,0.5199458868233418,0.36386158107723837,0.9183333333333333
Sudden jump,1073,Latest price,1.0064122666850235,0.7951351885573028,
Sudden jump,1073,EWMA,0.4778436734740055,0.34363593609621396,
Sudden jump,1073,Kalman,0.5235098176021563,0.34746092806717477,0.9266666666666666
Sudden jump,1074,Latest price,1.0296292636346243,0.8245979115674652,
Sudden jump,1074,EWMA,0.49169730840561815,0.3538008053823497,
Sudden jump,1074,Kalman,0.5419704598442769,0.3739957052304215,0.905
Sudden jump,1075,Latest price,1.0136570208005053,0.8098334827752152,
Sudden jump,1075,EWMA,0.513425602841564,0.3698331573402098,
Sudden jump,1075,Kalman,0.5558519785834295,0.3687589697870642,0.9233333333333333
Sudden jump,1076,Latest price,1.0069068985835103,0.8203576883005084,
Sudden jump,1076,EWMA,0.5116861071484502,0.36532576170731623,
Sudden jump,1076,Kalman,0.5298699008011557,0.34220611366716885,0.925
Sudden jump,1077,Latest price,0.9639689885024721,0.7677830492552893,
Sudden jump,1077,EWMA,0.4817997775366244,0.3400653912442462,
Sudden jump,1077,Kalman,0.5320214504510719,0.3463863013265919,0.9133333333333333
Sudden jump,1078,Latest price,0.9747109469213957,0.7846770165724561,
Sudden jump,1078,EWMA,0.47356196155672386,0.3528143865136824,
Sudden jump,1078,Kalman,0.49364329692794073,0.3425641105910213,0.935
Sudden jump,1079,Latest price,1.0093063660116328,0.8176260210283443,
Sudden jump,1079,EWMA,0.4952292673566427,0.3687786982303117,
Sudden jump,1079,Kalman,0.5197930998661222,0.35739696287509376,0.9283333333333333
Sudden jump,1080,Latest price,0.9693036507690774,0.7610991715332799,
Sudden jump,1080,EWMA,0.44767211127062134,0.3232594405667466,
Sudden jump,1080,Kalman,0.47564533537796383,0.32167754260944265,0.9383333333333334
Sudden jump,1081,Latest price,1.025634038595633,0.8212219522724792,
Sudden jump,1081,EWMA,0.44000250070028984,0.3269087357632292,
Sudden jump,1081,Kalman,0.4479868458422237,0.32184497135368095,0.94
Sudden jump,1082,Latest price,1.0249319711831666,0.8082592562619053,
Sudden jump,1082,EWMA,0.4838063292601023,0.3510218296956821,
Sudden jump,1082,Kalman,0.5125503654432041,0.34049629324486747,0.9116666666666666
Sudden jump,1083,Latest price,0.9677006236441393,0.7564871735059787,
Sudden jump,1083,EWMA,0.4859266233527904,0.3381193136335282,
Sudden jump,1083,Kalman,0.5043336175102475,0.32629188379295604,0.9383333333333334
Sudden jump,1084,Latest price,1.0279435914910078,0.8093522206392879,
Sudden jump,1084,EWMA,0.4743726819938062,0.3458454648881042,
Sudden jump,1084,Kalman,0.5197210022477116,0.3439102473013316,0.9116666666666666
Sudden jump,1085,Latest price,0.981289252506621,0.7797357026362074,
Sudden jump,1085,EWMA,0.4768722018764474,0.3473243415806456,
Sudden jump,1085,Kalman,0.5152547115869434,0.3436194124199445,0.9133333333333333
Sudden jump,1086,Latest price,1.037330388388611,0.8129030922470147,
Sudden jump,1086,EWMA,0.4902183463662236,0.3647183361512984,
Sudden jump,1086,Kalman,0.49893069444257443,0.36872171445502805,0.9083333333333333
Sudden jump,1087,Latest price,1.0469942858759083,0.8335643008527457,
Sudden jump,1087,EWMA,0.5152721887656129,0.3720895785342272,
Sudden jump,1087,Kalman,0.5444596045640372,0.35735329958037476,0.915
Sudden jump,1088,Latest price,0.9976832743896188,0.8188211212346244,
Sudden jump,1088,EWMA,0.4430487714328937,0.33024790843032753,
Sudden jump,1088,Kalman,0.47171052937549984,0.32545762062541783,0.935
Sudden jump,1089,Latest price,0.9870958874535403,0.7905330509333882,
Sudden jump,1089,EWMA,0.4736141321901031,0.3406588453737729,
Sudden jump,1089,Kalman,0.49792529618438247,0.335936381027302,0.92
Sudden jump,1090,Latest price,1.0472476567503888,0.830388304676463,
Sudden jump,1090,EWMA,0.5318406813687879,0.36670636153761554,
Sudden jump,1090,Kalman,0.5258440020778332,0.34835713689239556,0.9466666666666667
Sudden jump,1091,Latest price,0.9540747472313172,0.7596132586638866,
Sudden jump,1091,EWMA,0.4659645994031641,0.3584577231926033,
Sudden jump,1091,Kalman,0.49553063864321767,0.3560262581754468,0.9083333333333333
Sudden jump,1092,Latest price,1.020918630637811,0.8079697707595375,
Sudden jump,1092,EWMA,0.434802749673943,0.311985799643392,
Sudden jump,1092,Kalman,0.44898491677921876,0.2967141456035171,0.9366666666666666
Sudden jump,1093,Latest price,0.998601005019762,0.798368389750031,
Sudden jump,1093,EWMA,0.4724683971748331,0.34549881594215726,
Sudden jump,1093,Kalman,0.4903718898362366,0.33096914253382653,0.9366666666666666
Sudden jump,1094,Latest price,1.051279314382407,0.8280703075638399,
Sudden jump,1094,EWMA,0.5356396137342827,0.3839651899518909,
Sudden jump,1094,Kalman,0.5734105550506456,0.3792111388542922,0.8933333333333333
Sudden jump,1095,Latest price,0.9942851558860093,0.8000201668098379,
Sudden jump,1095,EWMA,0.46322611818814713,0.33373940027208543,
Sudden jump,1095,Kalman,0.5125501904285314,0.35544188149645334,0.9083333333333333
Sudden jump,1096,Latest price,1.0175316768417633,0.8150733966335697,
Sudden jump,1096,EWMA,0.4537100403658003,0.32831977925036926,
Sudden jump,1096,Kalman,0.48445380045821596,0.32561585335037485,0.9366666666666666
Sudden jump,1097,Latest price,0.9894547703966888,0.7859837514453059,
Sudden jump,1097,EWMA,0.46260639009888876,0.33719808544847446,
Sudden jump,1097,Kalman,0.4927506512020043,0.3223218462683122,0.9416666666666667
Sudden jump,1098,Latest price,1.0120827501328042,0.7934781949805351,
Sudden jump,1098,EWMA,0.4699591088027544,0.3472285788512,
Sudden jump,1098,Kalman,0.504629703540019,0.3508599469569245,0.9116666666666666
Sudden jump,1099,Latest price,0.9719937807516441,0.7690089417871,
Sudden jump,1099,EWMA,0.47664285065477424,0.34570748018334096,
Sudden jump,1099,Kalman,0.4997228040047137,0.3442700176001324,0.915
Missing quotes,1000,Latest price,0.907187066591031,0.7285630966703686,
Missing quotes,1000,EWMA,0.46729364223706515,0.38465660475485547,
Missing quotes,1000,Kalman,0.4650283003379594,0.3812026943169058,0.9166666666666666
Missing quotes,1001,Latest price,0.9919626531091985,0.7992493080992673,
Missing quotes,1001,EWMA,0.49294235176088014,0.38332343362303994,
Missing quotes,1001,Kalman,0.46820732557018574,0.3615777354971585,0.9633333333333334
Missing quotes,1002,Latest price,0.9920823873649605,0.7965728137582228,
Missing quotes,1002,EWMA,0.37821211564302326,0.29817349178500696,
Missing quotes,1002,Kalman,0.3720906140739405,0.29314173264996285,0.9683333333333334
Missing quotes,1003,Latest price,0.9474339971878394,0.754402000224807,
Missing quotes,1003,EWMA,0.4304073754105476,0.33306454993327045,
Missing quotes,1003,Kalman,0.41929809795710205,0.32439288949244494,0.9666666666666667
Missing quotes,1004,Latest price,1.2320232308278776,0.9099332652732804,
Missing quotes,1004,EWMA,0.4918065740905238,0.36986921092161357,
Missing quotes,1004,Kalman,0.4693108581265514,0.35578847270239644,0.9583333333333334
Missing quotes,1005,Latest price,0.9663980814157044,0.7612966919154985,
Missing quotes,1005,EWMA,0.40742331678457544,0.32391768842869045,
Missing quotes,1005,Kalman,0.4148742698449483,0.32799526234614534,0.9766666666666667
Missing quotes,1006,Latest price,0.9207891807784543,0.7323484336076479,
Missing quotes,1006,EWMA,0.4294322107855197,0.3291382479264072,
Missing quotes,1006,Kalman,0.42631146898693334,0.33092299029759703,0.955
Missing quotes,1007,Latest price,1.0184297793248318,0.8211781759309228,
Missing quotes,1007,EWMA,0.5257833975854509,0.35891528227511327,
Missing quotes,1007,Kalman,0.508891710840825,0.350641666684317,0.915
Missing quotes,1008,Latest price,0.9513535496718115,0.7564557021389778,
Missing quotes,1008,EWMA,0.361034439493748,0.2924524711412575,
Missing quotes,1008,Kalman,0.36852665812445057,0.29586902512722885,0.9633333333333334
Missing quotes,1009,Latest price,0.9660598693607847,0.7790994583512453,
Missing quotes,1009,EWMA,0.470668117795945,0.37815279018014347,
Missing quotes,1009,Kalman,0.46543016089598216,0.3713806147918447,0.925
Missing quotes,1010,Latest price,1.0154829284611835,0.825514840043248,
Missing quotes,1010,EWMA,0.3732458464412499,0.29888124438254,
Missing quotes,1010,Kalman,0.3690957292010045,0.29532685732475783,0.9616666666666667
Missing quotes,1011,Latest price,1.1111422255346277,0.9245273932645328,
Missing quotes,1011,EWMA,0.5160229383398608,0.4087508746909881,
Missing quotes,1011,Kalman,0.5136347496605421,0.4075461880048275,0.9266666666666666
Missing quotes,1012,Latest price,0.9454692715510516,0.7399747424430747,
Missing quotes,1012,EWMA,0.42014815678715156,0.3184052671118031,
Missing quotes,1012,Kalman,0.4175368726304768,0.3156706613097265,0.9533333333333334
Missing quotes,1013,Latest price,1.1297302209393902,0.9258997791014472,
Missing quotes,1013,EWMA,0.43668427349413774,0.34378231992277286,
Missing quotes,1013,Kalman,0.4250783545150895,0.3367221029010466,0.94
Missing quotes,1014,Latest price,0.9916649065252789,0.7907578463680015,
Missing quotes,1014,EWMA,0.5155504106714638,0.39068107027200827,
Missing quotes,1014,Kalman,0.5021707594701446,0.3762169023086182,0.9333333333333333
Missing quotes,1015,Latest price,1.046166913249617,0.8504594403513267,
Missing quotes,1015,EWMA,0.4384233788604665,0.3522264351030806,
Missing quotes,1015,Kalman,0.4371426130733318,0.3521807639310486,0.9366666666666666
Missing quotes,1016,Latest price,1.0171135109916192,0.8074025933551158,
Missing quotes,1016,EWMA,0.37874224414207613,0.2888731041162764,
Missing quotes,1016,Kalman,0.3622834021156018,0.27921647212160305,0.9733333333333334
Missing quotes,1017,Latest price,1.0250368736866715,0.8232676571160472,
Missing quotes,1017,EWMA,0.3952823768718289,0.3170001706497471,
Missing quotes,1017,Kalman,0.37382404922659995,0.3000833016917896,0.985
Missing quotes,1018,Latest price,0.9630079850146654,0.7558836686148575,
Missing quotes,1018,EWMA,0.40367636428463394,0.30875186460559284,
Missing quotes,1018,Kalman,0.386882620323387,0.30180711469809834,0.9666666666666667
Missing quotes,1019,Latest price,0.9806302319486573,0.7872514750374635,
Missing quotes,1019,EWMA,0.3601578830525341,0.2932945977045272,
Missing quotes,1019,Kalman,0.35640680066648983,0.29062855316044456,0.975
Missing quotes,1020,Latest price,0.9328865573338332,0.7426520246157935,
Missing quotes,1020,EWMA,0.4070317726689351,0.31304532459818596,
Missing quotes,1020,Kalman,0.40148717857167804,0.30645356678758084,0.9583333333333334
Missing quotes,1021,Latest price,0.9139487808629274,0.7124643185533095,
Missing quotes,1021,EWMA,0.4735420193717642,0.379157876846442,
Missing quotes,1021,Kalman,0.47443237598785165,0.37937488875592296,0.9166666666666666
Missing quotes,1022,Latest price,1.0150038945149704,0.8207933267586445,
Missing quotes,1022,EWMA,0.47171974491100754,0.3517669509835846,
Missing quotes,1022,Kalman,0.4668651710546078,0.3479761531395577,0.94
Missing quotes,1023,Latest price,0.9831894302277792,0.8099189364358212,
Missing quotes,1023,EWMA,0.4186607497273665,0.3296885391485219,
Missing quotes,1023,Kalman,0.41869529652629334,0.32841156571789054,0.9666666666666667
Missing quotes,1024,Latest price,1.008928510301293,0.7823291177439268,
Missing quotes,1024,EWMA,0.5420817473425485,0.3820916405245217,
Missing quotes,1024,Kalman,0.5184424999569626,0.366179033657646,0.9216666666666666
Missing quotes,1025,Latest price,0.9323700130811846,0.7180830806153354,
Missing quotes,1025,EWMA,0.4445876104071531,0.3386434567664986,
Missing quotes,1025,Kalman,0.43261879775550544,0.3346153992826851,0.9616666666666667
Missing quotes,1026,Latest price,1.1833067318074992,0.9004891360707643,
Missing quotes,1026,EWMA,0.6177993547817588,0.42141579979952665,
Missing quotes,1026,Kalman,0.591389200906482,0.40486803231836865,0.8983333333333333
Missing quotes,1027,Latest price,1.0597623948273651,0.8511673942746764,
Missing quotes,1027,EWMA,0.4638730494435995,0.3714043371131176,
Missing quotes,1027,Kalman,0.4683107244093707,0.37493340270936604,0.9283333333333333
Missing quotes,1028,Latest price,1.087832869260235,0.8730882991662345,
Missing quotes,1028,EWMA,0.4317068041871844,0.34408763720723823,
Missing quotes,1028,Kalman,0.4457680440147667,0.35332220007357173,0.9266666666666666
Missing quotes,1029,Latest price,1.01262563257979,0.8289440199748132,
Missing quotes,1029,EWMA,0.5731580749630778,0.38161161433640617,
Missing quotes,1029,Kalman,0.539965944081748,0.36106074015498385,0.95
Missing quotes,1030,Latest price,0.9307191151675944,0.7137148365081201,
Missing quotes,1030,EWMA,0.5047742016669768,0.39101073921272683,
Missing quotes,1030,Kalman,0.5004999150318242,0.38498066329567404,0.9366666666666666
Missing quotes,1031,Latest price,0.9650852816240832,0.7594350644272176,
Missing quotes,1031,EWMA,0.3463500468678761,0.2719986151921666,
Missing quotes,1031,Kalman,0.33628763327902655,0.26747901613247405,0.9666666666666667
Missing quotes,1032,Latest price,0.947697774150425,0.7461861705337877,
Missing quotes,1032,EWMA,0.4459421856305098,0.358863964094029,
Missing quotes,1032,Kalman,0.44442021461541575,0.3588420263992397,0.9383333333333334
Missing quotes,1033,Latest price,0.9295661829572092,0.736596408535386,
Missing quotes,1033,EWMA,0.35284346792473015,0.2825099818630851,
Missing quotes,1033,Kalman,0.35098662691458826,0.2801019972009043,0.9816666666666667
Missing quotes,1034,Latest price,0.9409476311526422,0.7414345538078766,
Missing quotes,1034,EWMA,0.3918696240658049,0.3042588440908751,
Missing quotes,1034,Kalman,0.39599338710934084,0.3093491347385476,0.9833333333333333
Missing quotes,1035,Latest price,1.0876616754085264,0.8649262637060354,
Missing quotes,1035,EWMA,0.37816157022210495,0.3094175738851746,
Missing quotes,1035,Kalman,0.370013863534092,0.3032806307636298,0.98
Missing quotes,1036,Latest price,0.9780427021683327,0.7785679981582414,
Missing quotes,1036,EWMA,0.46855026760424806,0.357880498579884,
Missing quotes,1036,Kalman,0.4612344006747565,0.3505061893088489,0.925
Missing quotes,1037,Latest price,1.0201049508829148,0.8152793378138837,
Missing quotes,1037,EWMA,0.5682581877627619,0.40239366316386066,
Missing quotes,1037,Kalman,0.5680152290080365,0.4030294604469726,0.8916666666666667
Missing quotes,1038,Latest price,0.9381300683145488,0.7384276777286507,
Missing quotes,1038,EWMA,0.4364801385273241,0.33135223673910646,
Missing quotes,1038,Kalman,0.4254372027854344,0.32452908882304826,0.95
Missing quotes,1039,Latest price,0.9813279594092004,0.7824203414122104,
Missing quotes,1039,EWMA,0.44084124675367264,0.3346913273710998,
Missing quotes,1039,Kalman,0.43746802635452015,0.3325541225643466,0.9566666666666667
Missing quotes,1040,Latest price,0.9167299012232398,0.7237174225258078,
Missing quotes,1040,EWMA,0.41828097025743294,0.33724546808394745,
Missing quotes,1040,Kalman,0.407083967379358,0.32581054888297784,0.95
Missing quotes,1041,Latest price,1.1642611119331738,0.9147033386626593,
Missing quotes,1041,EWMA,0.49339169398851324,0.37750389780257254,
Missing quotes,1041,Kalman,0.4674961511898471,0.36749536323492504,0.93
Missing quotes,1042,Latest price,0.9878853475713013,0.8060839480190225,
Missing quotes,1042,EWMA,0.4985585782701098,0.36980717729794954,
Missing quotes,1042,Kalman,0.48767716402763195,0.3623539726034158,0.94
Missing quotes,1043,Latest price,1.0489410820614267,0.8390792833524496,
Missing quotes,1043,EWMA,0.48644493155835783,0.3504545364568899,
Missing quotes,1043,Kalman,0.4707367467986949,0.34183411562925653,0.9383333333333334
Missing quotes,1044,Latest price,0.9539312154754553,0.7482173326595255,
Missing quotes,1044,EWMA,0.465106388082507,0.33802090299465704,
Missing quotes,1044,Kalman,0.4229116577274362,0.32391570079678916,0.9416666666666667
Missing quotes,1045,Latest price,1.0015610686557486,0.7996702012675434,
Missing quotes,1045,EWMA,0.4080848068090825,0.330406026905949,
Missing quotes,1045,Kalman,0.405152120448225,0.32850269636404034,0.955
Missing quotes,1046,Latest price,0.9584618640750417,0.7490424525225111,
Missing quotes,1046,EWMA,0.5078365131401662,0.38238106925749993,
Missing quotes,1046,Kalman,0.47473735589340627,0.359551936132925,0.9466666666666667
Missing quotes,1047,Latest price,0.9930203208303747,0.7863721344140316,
Missing quotes,1047,EWMA,0.5057447831139578,0.39608085021283546,
Missing quotes,1047,Kalman,0.47331743361931156,0.37311383349823063,0.9483333333333334
Missing quotes,1048,Latest price,0.9708380031678157,0.7950068619071243,
Missing quotes,1048,EWMA,0.4160773645510894,0.3284002387597903,
Missing quotes,1048,Kalman,0.417713302116588,0.33096901212215957,0.9416666666666667
Missing quotes,1049,Latest price,0.9551275888152214,0.7558075356645468,
Missing quotes,1049,EWMA,0.44102212236814964,0.3377205288948365,
Missing quotes,1049,Kalman,0.4296857936018351,0.3276070012639342,0.9683333333333334
Missing quotes,1050,Latest price,0.9700251209577155,0.7859924536443049,
Missing quotes,1050,EWMA,0.36191071825236415,0.2833946954053087,
Missing quotes,1050,Kalman,0.3456704747548261,0.2688478207623755,0.9783333333333334
Missing quotes,1051,Latest price,1.035242508744726,0.8457672075236191,
Missing quotes,1051,EWMA,0.3453588794061238,0.28046313367103703,
Missing quotes,1051,Kalman,0.34167197485789524,0.2780774234563761,0.9916666666666667
Missing quotes,1052,Latest price,0.912911142744787,0.7315437082429247,
Missing quotes,1052,EWMA,0.40925883002182206,0.3328447809256397,
Missing quotes,1052,Kalman,0.42506232767017554,0.34291453402888467,0.98
Missing quotes,1053,Latest price,1.0022700285615842,0.8173995756876794,
Missing quotes,1053,EWMA,0.46405962715432403,0.3693640277465937,
Missing quotes,1053,Kalman,0.4552733663828505,0.35995682320102207,0.9366666666666666
Missing quotes,1054,Latest price,1.0175161706012334,0.8260275676847956,
Missing quotes,1054,EWMA,0.5912822312558165,0.4403945610912374,
Missing quotes,1054,Kalman,0.584922970338764,0.43383066839162077,0.9
Missing quotes,1055,Latest price,1.0773915344730793,0.8721284158707332,
Missing quotes,1055,EWMA,0.5482287352186087,0.4132510881122253,
Missing quotes,1055,Kalman,0.5240077488047657,0.3919235018198853,0.945
Missing quotes,1056,Latest price,1.0236542484793512,0.8248635591126174,
Missing quotes,1056,EWMA,0.4321733673881391,0.3373703879435324,
Missing quotes,1056,Kalman,0.4326406923714959,0.33760122439335544,0.9216666666666666
Missing quotes,1057,Latest price,1.282252225930881,0.9248677002972098,
Missing quotes,1057,EWMA,0.589345986088469,0.41165585238435826,
Missing quotes,1057,Kalman,0.5914174526231408,0.4104330706042632,0.9183333333333333
Missing quotes,1058,Latest price,0.9664131225015232,0.7504525707843859,
Missing quotes,1058,EWMA,0.49612880391658487,0.3876395079993307,
Missing quotes,1058,Kalman,0.4992606848277849,0.38827476822416923,0.9183333333333333
Missing quotes,1059,Latest price,0.9980958309734619,0.8049516966592923,
Missing quotes,1059,EWMA,0.4329083015146834,0.3383499558401259,
Missing quotes,1059,Kalman,0.4153188548425726,0.32744620658865925,0.9666666666666667
Missing quotes,1060,Latest price,0.9280405274399803,0.731392814473862,
Missing quotes,1060,EWMA,0.42810942309595185,0.3397988929601453,
Missing quotes,1060,Kalman,0.40596612813929234,0.3222888719146503,0.9666666666666667
Missing quotes,1061,Latest price,1.1013692479040214,0.8761893851728536,
Missing quotes,1061,EWMA,0.5009049431431807,0.38109835134442627,
Missing quotes,1061,Kalman,0.4997997890341035,0.37502417353288064,0.9266666666666666
Missing quotes,1062,Latest price,1.018175432778502,0.7975529340913092,
Missing quotes,1062,EWMA,0.45867317818854586,0.3397486593568474,
Missing quotes,1062,Kalman,0.44683148198577805,0.3366527261903733,0.9533333333333334
Missing quotes,1063,Latest price,0.9606134986672467,0.7622708182355143,
Missing quotes,1063,EWMA,0.4322247903103477,0.33308775457660234,
Missing quotes,1063,Kalman,0.41254697460006345,0.3220093633335955,0.9733333333333334
Missing quotes,1064,Latest price,1.018781452420012,0.8503544212639936,
Missing quotes,1064,EWMA,0.38228876048572,0.3076825926955071,
Missing quotes,1064,Kalman,0.38739631791700324,0.31140059383047786,0.9616666666666667
Missing quotes,1065,Latest price,0.9804745452612531,0.7731210401886126,
Missing quotes,1065,EWMA,0.4788912886187814,0.35397083643254473,
Missing quotes,1065,Kalman,0.4630039481603441,0.3379892279114056,0.9533333333333334
Missing quotes,1066,Latest price,1.0074671152225942,0.824314451031496,
Missing quotes,1066,EWMA,0.43373097544223654,0.3193697076111601,
Missing quotes,1066,Kalman,0.4323849105805486,0.31739922690508743,0.975
Missing quotes,1067,Latest price,0.9269848591248453,0.7191793211608459,
Missing quotes,1067,EWMA,0.36241321537139143,0.2917852314651686,
Missing quotes,1067,Kalman,0.36586660751386185,0.29369916973436777,0.975
Missing quotes,1068,Latest price,1.0600747972276152,0.8645622012765917,
Missing quotes,1068,EWMA,0.43309126838497364,0.3340997346835112,
Missing quotes,1068,Kalman,0.4238004305909875,0.3251390041560663,0.9783333333333334
Missing quotes,1069,Latest price,1.1707802562410135,0.9175918146053341,
Missing quotes,1069,EWMA,0.4643874619981451,0.3514543789841984,
Missing quotes,1069,Kalman,0.4672148239319008,0.35513803830935436,0.905
Missing quotes,1070,Latest price,1.1720477921827783,0.9388832953950282,
Missing quotes,1070,EWMA,0.5261861768059716,0.41436227444396717,
Missing quotes,1070,Kalman,0.5028378100022998,0.39775820640699805,0.9466666666666667
Missing quotes,1071,Latest price,1.0136165626650644,0.8185071673781115,
Missing quotes,1071,EWMA,0.38536328194831354,0.30864042317849016,
Missing quotes,1071,Kalman,0.391655999985391,0.3149179172592814,0.975
Missing quotes,1072,Latest price,1.0384893931306978,0.8332361462965359,
Missing quotes,1072,EWMA,0.4954821590033171,0.37215509424795945,
Missing quotes,1072,Kalman,0.49147547479819226,0.37102089769061924,0.935
Missing quotes,1073,Latest price,1.0184310271562718,0.8210112137702237,
Missing quotes,1073,EWMA,0.5025868159227779,0.38047857653957834,
Missing quotes,1073,Kalman,0.49041760677973656,0.3695460461856934,0.9633333333333334
Missing quotes,1074,Latest price,1.2227645722382658,0.991131297145732,
Missing quotes,1074,EWMA,0.46134878632306864,0.3640693728438098,
Missing quotes,1074,Kalman,0.46183162402038513,0.3667776717368051,0.9366666666666666
Missing quotes,1075,Latest price,1.027260777517155,0.8407933010358631,
Missing quotes,1075,EWMA,0.48413805174496805,0.3714449471159285,
Missing quotes,1075,Kalman,0.46418113009908124,0.3573231359535504,0.9683333333333334
Missing quotes,1076,Latest price,1.135207006528981,0.9185424563254468,
Missing quotes,1076,EWMA,0.4440194370729147,0.33161642524754587,
Missing quotes,1076,Kalman,0.42149628699965747,0.3225254208619213,0.9566666666666667
Missing quotes,1077,Latest price,0.9854969062167684,0.7954368533132187,
Missing quotes,1077,EWMA,0.40189163142948503,0.3255335372209445,
Missing quotes,1077,Kalman,0.40598331366553114,0.32949412829156494,0.9466666666666667
Missing quotes,1078,Latest price,0.9161900377883628,0.7240756022073835,
Missing quotes,1078,EWMA,0.38770407064051027,0.31533202883597883,
Missing quotes,1078,Kalman,0.39156236198067174,0.3150044391185562,0.9533333333333334
Missing quotes,1079,Latest price,0.9459002838950638,0.7490174987292534,
Missing quotes,1079,EWMA,0.4445947789955682,0.34728411975384527,
Missing quotes,1079,Kalman,0.43642680309111925,0.34427349604407576,0.9466666666666667
Missing quotes,1080,Latest price,0.9363574242446228,0.7339228004411592,
Missing quotes,1080,EWMA,0.3992758728904023,0.31741582245680733,
Missing quotes,1080,Kalman,0.3914575757495928,0.31314669742663814,0.9783333333333334
Missing quotes,1081,Latest price,1.0450702381056376,0.8569413648690716,
Missing quotes,1081,EWMA,0.4449061068284236,0.35915500456552496,
Missing quotes,1081,Kalman,0.43362224853367176,0.3502809507275133,0.9566666666666667
Missing quotes,1082,Latest price,1.0418475013933202,0.8133156052141317,
Missing quotes,1082,EWMA,0.3906939254872794,0.30822655108728764,
Missing quotes,1082,Kalman,0.39284983571871507,0.3105945572685052,0.94
Missing quotes,1083,Latest price,1.009339090822476,0.7937830644513303,
Missing quotes,1083,EWMA,0.4152505585869118,0.2964966937810454,
Missing quotes,1083,Kalman,0.3900092811185005,0.2946707502655494,0.9533333333333334
Missing quotes,1084,Latest price,1.0807625687026816,0.8770846016973024,
Missing quotes,1084,EWMA,0.4925296321412738,0.377164925911673,
Missing quotes,1084,Kalman,0.4835459527922319,0.3725125340391724,0.935
Missing quotes,1085,Latest price,0.9875219493962012,0.7834611196682942,
Missing quotes,1085,EWMA,0.42247971617273833,0.3297911821174002,
Missing quotes,1085,Kalman,0.41659977900802403,0.32507952066906304,0.9433333333333334
Missing quotes,1086,Latest price,1.0270327114517592,0.7941684530943857,
Missing quotes,1086,EWMA,0.47546096965226714,0.38196156910115314,
Missing quotes,1086,Kalman,0.4734603326640172,0.38082510577867706,0.9333333333333333
Missing quotes,1087,Latest price,1.0595735461803897,0.8611746410149883,
Missing quotes,1087,EWMA,0.46130858030188904,0.35901090613045805,
Missing quotes,1087,Kalman,0.4494774819668703,0.3462845842273458,0.9466666666666667
Missing quotes,1088,Latest price,1.0866442559460319,0.9084696430765431,
Missing quotes,1088,EWMA,0.43342954177516924,0.32426339333823173,
Missing quotes,1088,Kalman,0.4149049127663511,0.3133334374001782,0.9516666666666667
Missing quotes,1089,Latest price,1.0043571741891681,0.8271336535261575,
Missing quotes,1089,EWMA,0.5115260585129923,0.36414087375927084,
Missing quotes,1089,Kalman,0.4903346213902958,0.35649067860910527,0.9316666666666666
Missing quotes,1090,Latest price,1.185726180132034,0.925136240010486,
Missing quotes,1090,EWMA,0.6520253988925906,0.4623147686360594,
Missing quotes,1090,Kalman,0.5951238969076907,0.42517367878971707,0.9283333333333333
Missing quotes,1091,Latest price,0.981496681840356,0.7578505925651788,
Missing quotes,1091,EWMA,0.4178728997757128,0.33221110977578605,
Missing quotes,1091,Kalman,0.40512903281714424,0.32052260934808424,0.9433333333333334
Missing quotes,1092,Latest price,1.0603873693086117,0.8470267716932295,
Missing quotes,1092,EWMA,0.4098466321612851,0.3125788685001485,
Missing quotes,1092,Kalman,0.40226926229897003,0.3084464884490606,0.9616666666666667
Missing quotes,1093,Latest price,1.1767424167378906,0.9194953339769479,
Missing quotes,1093,EWMA,0.4351784709286636,0.3457883413815373,
Missing quotes,1093,Kalman,0.41752393471257526,0.32934487483069336,0.9616666666666667
Missing quotes,1094,Latest price,1.2223379158154206,0.9911824438849239,
Missing quotes,1094,EWMA,0.5108704140436547,0.390530302971653,
Missing quotes,1094,Kalman,0.5098325368564641,0.39549480164715844,0.9166666666666666
Missing quotes,1095,Latest price,1.0270972288226394,0.8146487613461132,
Missing quotes,1095,EWMA,0.4765079977294362,0.3775129614634282,
Missing quotes,1095,Kalman,0.4825663013737086,0.38081709630648464,0.9366666666666666
Missing quotes,1096,Latest price,0.9458436061124792,0.734114324344669,
Missing quotes,1096,EWMA,0.3766248781904953,0.3005542584154669,
Missing quotes,1096,Kalman,0.3796123488917118,0.30302058197022624,0.9583333333333334
Missing quotes,1097,Latest price,1.0356260883098733,0.8350093333722234,
Missing quotes,1097,EWMA,0.47797436819251,0.3510161442265501,
Missing quotes,1097,Kalman,0.4656041300448156,0.3444089943648391,0.9616666666666667
Missing quotes,1098,Latest price,0.9991268630921569,0.7822198720785727,
Missing quotes,1098,EWMA,0.4097388161357811,0.31812675073900404,
Missing quotes,1098,Kalman,0.39673710924038535,0.31164947467555765,0.955
Missing quotes,1099,Latest price,1.2859045015415447,0.9880749893393389,
Missing quotes,1099,EWMA,0.4232060631913273,0.3344058393400285,
Missing quotes,1099,Kalman,0.4221187580777851,0.3344575631902934,0.9416666666666667
